{"parent":"minecraft:item/generated","textures":{"layer0":"minecraft:item/leather_horse_armor"},"overrides":[{"predicate":{"custom_model_data":1},"model":"modelengine:alien_case/bone"},{"predicate":{"custom_model_data":2},"model":"modelengine:dwarf_1/left_leg"},{"predicate":{"custom_model_data":3},"model":"modelengine:dwarf_1/right_leg"},{"predicate":{"custom_model_data":4},"model":"modelengine:dwarf_1/right_arm"},{"predicate":{"custom_model_data":5},"model":"modelengine:dwarf_1/pickaxe"},{"predicate":{"custom_model_data":6},"model":"modelengine:dwarf_1/left_arm"},{"predicate":{"custom_model_data":7},"model":"modelengine:dwarf_1/head"},{"predicate":{"custom_model_data":8},"model":"modelengine:dwarf_1/body"},{"predicate":{"custom_model_data":9},"model":"modelengine:dwarf_1/backpack"},{"predicate":{"custom_model_data":10},"model":"modelengine:dwarf_2/right_arm"},{"predicate":{"custom_model_data":11},"model":"modelengine:dwarf_2/axe"},{"predicate":{"custom_model_data":12},"model":"modelengine:dwarf_2/left_arm"},{"predicate":{"custom_model_data":13},"model":"modelengine:dwarf_2/shield"},{"predicate":{"custom_model_data":14},"model":"modelengine:dwarf_2/backpack"},{"predicate":{"custom_model_data":15},"model":"modelengine:dwarf_2/body"},{"predicate":{"custom_model_data":16},"model":"modelengine:dwarf_2/bone"},{"predicate":{"custom_model_data":17},"model":"modelengine:dwarf_2/head"},{"predicate":{"custom_model_data":18},"model":"modelengine:dwarf_2/left_leg"},{"predicate":{"custom_model_data":19},"model":"modelengine:dwarf_2/right_leg"},{"predicate":{"custom_model_data":20},"model":"modelengine:goblin_1/left_arm"},{"predicate":{"custom_model_data":21},"model":"modelengine:goblin_1/right_arm"},{"predicate":{"custom_model_data":22},"model":"modelengine:goblin_1/shield"},{"predicate":{"custom_model_data":23},"model":"modelengine:goblin_1/runcheon"},{"predicate":{"custom_model_data":24},"model":"modelengine:goblin_1/head"},{"predicate":{"custom_model_data":25},"model":"modelengine:goblin_1/body"},{"predicate":{"custom_model_data":26},"model":"modelengine:goblin_1/left_leg"},{"predicate":{"custom_model_data":27},"model":"modelengine:goblin_1/right_leg"},{"predicate":{"custom_model_data":28},"model":"modelengine:goblin_2/left_arm"},{"predicate":{"custom_model_data":29},"model":"modelengine:goblin_2/potion"},{"predicate":{"custom_model_data":30},"model":"modelengine:goblin_2/right_arm"},{"predicate":{"custom_model_data":31},"model":"modelengine:goblin_2/staff"},{"predicate":{"custom_model_data":32},"model":"modelengine:goblin_2/body"},{"predicate":{"custom_model_data":33},"model":"modelengine:goblin_2/book"},{"predicate":{"custom_model_data":34},"model":"modelengine:goblin_2/head"},{"predicate":{"custom_model_data":35},"model":"modelengine:goblin_2/right_leg"},{"predicate":{"custom_model_data":36},"model":"modelengine:goblin_2/left_leg"},{"predicate":{"custom_model_data":37},"model":"modelengine:goblin_3/left_leg"},{"predicate":{"custom_model_data":38},"model":"modelengine:goblin_3/right_leg"},{"predicate":{"custom_model_data":39},"model":"modelengine:goblin_3/head"},{"predicate":{"custom_model_data":40},"model":"modelengine:goblin_3/left_arm"},{"predicate":{"custom_model_data":41},"model":"modelengine:goblin_3/meat"},{"predicate":{"custom_model_data":42},"model":"modelengine:goblin_3/right_arm"},{"predicate":{"custom_model_data":43},"model":"modelengine:goblin_3/bone"},{"predicate":{"custom_model_data":44},"model":"modelengine:goblin_3/bone2"},{"predicate":{"custom_model_data":45},"model":"modelengine:goblin_3/cape"}]}