{"elements":[{"from":[6.5714283,7.714286,7.948571],"to":[9.428572,11.714286,7.948571],"rotation":{"angle":0.0,"axis":"y","origin":[8.0,9.714286,8.0]},"faces":{"south":{"uv":[0.0,0.0,5.0,7.0],"rotation":0,"texture":"#missing","tintindex":0},"north":{"uv":[5.25,0.0,5.875,0.875],"rotation":0,"texture":"#0","tintindex":0},"down":{"uv":[0.0,0.0,5.0,0.0],"rotation":0,"texture":"#missing","tintindex":0},"east":{"uv":[0.0,0.0,0.0,7.0],"rotation":0,"texture":"#missing","tintindex":0},"west":{"uv":[0.0,0.0,0.0,7.0],"rotation":0,"texture":"#missing","tintindex":0},"up":{"uv":[0.0,0.0,5.0,0.0],"rotation":0,"texture":"#missing","tintindex":0}}}],"textures":{"0":"modelengine:entity/texture_ghost"},"display":{"head":{"translation":[0.0,-6.4,0.0],"scale":[4.0,4.0,4.0]}}}