{"elements":[{"from":[4.5714283,1.7142854,4.5714283],"to":[11.428572,9.142858,11.428572],"rotation":{"angle":0.0,"axis":"y","origin":[8.0,9.142858,4.5714283]},"faces":{"south":{"uv":[1.5,5.75,3.0,7.375],"rotation":0,"texture":"#0","tintindex":0},"north":{"uv":[3.0,5.75,4.5,7.375],"rotation":0,"texture":"#0","tintindex":0},"down":{"uv":[4.5,4.25,3.0,5.75],"rotation":0,"texture":"#0","tintindex":0},"east":{"uv":[0.0,5.75,1.5,7.375],"rotation":0,"texture":"#0","tintindex":0},"west":{"uv":[4.5,5.75,6.0,7.375],"rotation":0,"texture":"#0","tintindex":0},"up":{"uv":[3.0,5.75,1.5,4.25],"rotation":0,"texture":"#0","tintindex":0}}}],"textures":{"0":"modelengine:entity/texture_ghost"},"display":{"head":{"translation":[0.0,-6.4,0.0],"scale":[4.0,4.0,4.0]}}}