{"textures":{"0":"modelengine:entity/texture_alien_case"},"elements":[{"from":[12.953137,8.0,7.826457],"to":[14.052229,11.352223,8.925549],"rotation":{"angle":0.0,"axis":"y","origin":[7.4576855,8.0,7.276914]},"faces":{"east":{"uv":[2.0,6.25,2.5,7.75],"rotation":0,"texture":"#0","tintindex":0},"south":{"uv":[2.75,6.25,3.25,7.75],"rotation":0,"texture":"#0","tintindex":0},"north":{"uv":[1.25,6.25,1.75,7.75],"rotation":0,"texture":"#0","tintindex":0},"west":{"uv":[5.5,6.5,6.0,8.0],"rotation":0,"texture":"#0","tintindex":0},"up":{"uv":[9.25,7.0,8.75,6.5],"rotation":0,"texture":"#0","tintindex":0},"down":{"uv":[9.25,7.25,8.75,7.75],"rotation":0,"texture":"#0","tintindex":0}}},{"from":[9.10632,9.099092,8.376006],"to":[13.50268,11.297269,14.970549],"rotation":{"angle":0.0,"axis":"y","origin":[6.908143,8.0,7.276914]},"faces":{"east":{"uv":[5.5,2.75,8.5,3.75],"rotation":0,"texture":"#0","tintindex":0},"south":{"uv":[5.5,5.25,7.5,6.25],"rotation":0,"texture":"#0","tintindex":0},"north":{"uv":[5.5,5.25,7.5,6.25],"rotation":0,"texture":"#0","tintindex":0},"west":{"uv":[5.5,4.0,8.5,5.0],"rotation":0,"texture":"#0","tintindex":0},"up":{"uv":[2.0,3.0,0.0,0.0],"rotation":0,"texture":"#0","tintindex":0},"down":{"uv":[4.25,0.0,2.25,3.0],"rotation":0,"texture":"#0","tintindex":0}}},{"from":[8.831549,14.044994,8.925549],"to":[9.93064,15.144086,14.421],"rotation":{"angle":0.0,"axis":"y","origin":[6.6333656,15.144086,7.276914]},"faces":{"east":{"uv":[6.0,0.0,8.5,0.5],"rotation":0,"texture":"#0","tintindex":0},"south":{"uv":[3.0,9.0,3.5,9.5],"rotation":0,"texture":"#0","tintindex":0},"north":{"uv":[9.0,1.25,9.5,1.75],"rotation":0,"texture":"#0","tintindex":0},"west":{"uv":[6.0,0.75,8.5,1.25],"rotation":0,"texture":"#0","tintindex":0},"up":{"uv":[4.5,8.5,4.0,6.0],"rotation":0,"texture":"#0","tintindex":0},"down":{"uv":[5.25,6.0,4.75,8.5],"rotation":0,"texture":"#0","tintindex":0}}},{"from":[12.678366,14.044994,8.925549],"to":[13.777457,15.144086,14.421],"rotation":{"angle":0.0,"axis":"y","origin":[15.975635,15.144086,7.276914]},"faces":{"east":{"uv":[8.5,1.25,6.0,0.75],"rotation":0,"texture":"#0","tintindex":0},"south":{"uv":[3.5,9.5,3.0,9.0],"rotation":0,"texture":"#0","tintindex":0},"north":{"uv":[9.5,1.75,9.0,1.25],"rotation":0,"texture":"#0","tintindex":0},"west":{"uv":[8.5,0.5,6.0,0.0],"rotation":0,"texture":"#0","tintindex":0},"up":{"uv":[4.0,8.5,4.5,6.0],"rotation":0,"texture":"#0","tintindex":0},"down":{"uv":[4.75,6.0,5.25,8.5],"rotation":0,"texture":"#0","tintindex":0}}},{"from":[9.93064,13.770224,8.925549],"to":[12.678366,14.869314,14.421],"rotation":{"angle":0.0,"axis":"y","origin":[6.6333656,14.869314,7.276914]},"faces":{"east":{"uv":[6.0,0.5,8.5,0.0],"rotation":0,"texture":"#0","tintindex":0},"south":{"uv":[1.5,8.0,2.75,8.5],"rotation":0,"texture":"#0","tintindex":0},"north":{"uv":[0.0,8.0,1.25,8.5],"rotation":0,"texture":"#0","tintindex":0},"west":{"uv":[6.0,1.25,8.5,0.75],"rotation":0,"texture":"#0","tintindex":0},"up":{"uv":[5.25,5.75,4.0,3.25],"rotation":0,"texture":"#0","tintindex":0},"down":{"uv":[5.75,0.0,4.5,2.5],"rotation":0,"texture":"#0","tintindex":0}}},{"from":[9.93064,8.274772,8.925549],"to":[12.678366,9.373863,14.421],"rotation":{"angle":0.0,"axis":"y","origin":[6.6333656,8.274772,7.276914]},"faces":{"east":{"uv":[6.0,0.0,8.5,0.5],"rotation":0,"texture":"#0","tintindex":0},"south":{"uv":[1.5,8.0,2.75,8.5],"rotation":0,"texture":"#0","tintindex":0},"north":{"uv":[0.0,8.0,1.25,8.5],"rotation":0,"texture":"#0","tintindex":0},"west":{"uv":[6.0,0.75,8.5,1.25],"rotation":0,"texture":"#0","tintindex":0},"up":{"uv":[5.75,0.0,4.5,2.5],"rotation":0,"texture":"#0","tintindex":0},"down":{"uv":[5.25,5.75,4.0,3.25],"rotation":0,"texture":"#0","tintindex":0}}},{"from":[9.10632,11.846817,8.376006],"to":[13.50268,14.044994,14.970549],"rotation":{"angle":0.0,"axis":"y","origin":[6.908143,15.144086,7.276914]},"faces":{"east":{"uv":[5.5,3.75,8.5,2.75],"rotation":0,"texture":"#0","tintindex":0},"south":{"uv":[5.5,6.25,7.5,5.25],"rotation":0,"texture":"#0","tintindex":0},"north":{"uv":[5.5,6.25,7.5,5.25],"rotation":0,"texture":"#0","tintindex":0},"west":{"uv":[5.5,5.0,8.5,4.0],"rotation":0,"texture":"#0","tintindex":0},"up":{"uv":[2.25,0.0,4.25,3.0],"rotation":0,"texture":"#0","tintindex":0},"down":{"uv":[0.0,0.0,2.0,3.0],"rotation":0,"texture":"#0","tintindex":0}}},{"from":[9.655869,14.036411,8.101234],"to":[12.953137,15.135504,9.20032],"rotation":{"angle":0.0,"axis":"y","origin":[6.908143,15.135504,7.276914]},"faces":{"east":{"uv":[8.75,8.0,9.25,8.5],"rotation":0,"texture":"#0","tintindex":0},"south":{"uv":[7.25,1.5,8.75,2.0],"rotation":0,"texture":"#0","tintindex":0},"north":{"uv":[6.25,6.5,7.75,7.0],"rotation":0,"texture":"#0","tintindex":0},"west":{"uv":[8.75,8.75,9.25,9.25],"rotation":0,"texture":"#0","tintindex":0},"up":{"uv":[7.75,7.75,6.25,7.25],"rotation":0,"texture":"#0","tintindex":0},"down":{"uv":[9.25,5.25,7.75,5.75],"rotation":0,"texture":"#0","tintindex":0}}},{"from":[9.655869,14.036411,14.146229],"to":[12.953137,15.135504,15.24532],"rotation":{"angle":0.0,"axis":"y","origin":[6.908143,15.135504,16.069633]},"faces":{"east":{"uv":[9.25,8.5,8.75,8.0],"rotation":0,"texture":"#0","tintindex":0},"south":{"uv":[7.75,7.0,6.25,6.5],"rotation":0,"texture":"#0","tintindex":0},"north":{"uv":[8.75,2.0,7.25,1.5],"rotation":0,"texture":"#0","tintindex":0},"west":{"uv":[9.25,9.25,8.75,8.75],"rotation":0,"texture":"#0","tintindex":0},"up":{"uv":[7.75,7.25,6.25,7.75],"rotation":0,"texture":"#0","tintindex":0},"down":{"uv":[9.25,5.75,7.75,5.25],"rotation":0,"texture":"#0","tintindex":0}}},{"from":[12.678366,8.0,8.925549],"to":[13.777457,9.099092,14.421],"rotation":{"angle":0.0,"axis":"y","origin":[15.975635,9.099092,7.276914]},"faces":{"east":{"uv":[8.5,1.25,6.0,0.75],"rotation":0,"texture":"#0","tintindex":0},"south":{"uv":[3.5,9.5,3.0,9.0],"rotation":0,"texture":"#0","tintindex":0},"north":{"uv":[9.5,1.75,9.0,1.25],"rotation":0,"texture":"#0","tintindex":0},"west":{"uv":[8.5,0.5,6.0,0.0],"rotation":0,"texture":"#0","tintindex":0},"up":{"uv":[4.0,8.5,4.5,6.0],"rotation":0,"texture":"#0","tintindex":0},"down":{"uv":[4.75,6.0,5.25,8.5],"rotation":0,"texture":"#0","tintindex":0}}},{"from":[9.655869,7.991411,14.146229],"to":[12.953137,9.090503,15.24532],"rotation":{"angle":0.0,"axis":"y","origin":[6.908143,9.090503,16.069633]},"faces":{"east":{"uv":[9.25,8.5,8.75,8.0],"rotation":0,"texture":"#0","tintindex":0},"south":{"uv":[7.75,7.0,6.25,6.5],"rotation":0,"texture":"#0","tintindex":0},"north":{"uv":[8.75,2.0,7.25,1.5],"rotation":0,"texture":"#0","tintindex":0},"west":{"uv":[9.25,9.25,8.75,8.75],"rotation":0,"texture":"#0","tintindex":0},"up":{"uv":[7.75,7.25,6.25,7.75],"rotation":0,"texture":"#0","tintindex":0},"down":{"uv":[9.25,5.75,7.75,5.25],"rotation":0,"texture":"#0","tintindex":0}}},{"from":[8.831549,8.0,8.925549],"to":[9.93064,9.099092,14.421],"rotation":{"angle":0.0,"axis":"y","origin":[6.6333656,9.099092,7.276914]},"faces":{"east":{"uv":[6.0,0.5,8.5,0.0],"rotation":0,"texture":"#0","tintindex":0},"south":{"uv":[3.0,9.5,3.5,9.0],"rotation":0,"texture":"#0","tintindex":0},"north":{"uv":[9.0,1.75,9.5,1.25],"rotation":0,"texture":"#0","tintindex":0},"west":{"uv":[6.0,1.25,8.5,0.75],"rotation":0,"texture":"#0","tintindex":0},"up":{"uv":[4.5,8.5,4.0,6.0],"rotation":0,"texture":"#0","tintindex":0},"down":{"uv":[5.25,6.0,4.75,8.5],"rotation":0,"texture":"#0","tintindex":0}}},{"from":[9.655869,7.991411,8.101234],"to":[12.953137,9.090503,9.20032],"rotation":{"angle":0.0,"axis":"y","origin":[6.908143,9.090503,7.276914]},"faces":{"east":{"uv":[8.75,8.5,9.25,8.0],"rotation":0,"texture":"#0","tintindex":0},"south":{"uv":[7.25,2.0,8.75,1.5],"rotation":0,"texture":"#0","tintindex":0},"north":{"uv":[6.25,7.0,7.75,6.5],"rotation":0,"texture":"#0","tintindex":0},"west":{"uv":[8.75,9.25,9.25,8.75],"rotation":0,"texture":"#0","tintindex":0},"up":{"uv":[7.75,7.75,6.25,7.25],"rotation":0,"texture":"#0","tintindex":0},"down":{"uv":[9.25,5.25,7.75,5.75],"rotation":0,"texture":"#0","tintindex":0}}},{"from":[12.953137,11.7918625,7.826457],"to":[14.052229,15.144086,8.925549],"rotation":{"angle":0.0,"axis":"y","origin":[7.4576855,15.144086,7.276914]},"faces":{"east":{"uv":[2.0,7.75,2.5,6.25],"rotation":0,"texture":"#0","tintindex":0},"south":{"uv":[2.75,7.75,3.25,6.25],"rotation":0,"texture":"#0","tintindex":0},"north":{"uv":[1.25,7.75,1.75,6.25],"rotation":0,"texture":"#0","tintindex":0},"west":{"uv":[5.5,8.0,6.0,6.5],"rotation":0,"texture":"#0","tintindex":0},"up":{"uv":[8.75,7.25,9.25,7.75],"rotation":0,"texture":"#0","tintindex":0},"down":{"uv":[9.25,6.5,8.75,7.0],"rotation":0,"texture":"#0","tintindex":0}}},{"from":[12.953137,11.7918625,14.421],"to":[14.052229,15.144086,15.520092],"rotation":{"angle":0.0,"axis":"y","origin":[7.4576855,15.144086,16.069633]},"faces":{"east":{"uv":[2.5,7.75,2.0,6.25],"rotation":0,"texture":"#0","tintindex":0},"south":{"uv":[1.75,7.75,1.25,6.25],"rotation":0,"texture":"#0","tintindex":0},"north":{"uv":[3.25,7.75,2.75,6.25],"rotation":0,"texture":"#0","tintindex":0},"west":{"uv":[6.0,8.0,5.5,6.5],"rotation":0,"texture":"#0","tintindex":0},"up":{"uv":[8.75,7.75,9.25,7.25],"rotation":0,"texture":"#0","tintindex":0},"down":{"uv":[9.25,7.0,8.75,6.5],"rotation":0,"texture":"#0","tintindex":0}}},{"from":[12.953137,8.0,14.421],"to":[14.052229,11.352223,15.520092],"rotation":{"angle":0.0,"axis":"y","origin":[7.4576855,8.0,16.069633]},"faces":{"east":{"uv":[2.5,6.25,2.0,7.75],"rotation":0,"texture":"#0","tintindex":0},"south":{"uv":[1.75,6.25,1.25,7.75],"rotation":0,"texture":"#0","tintindex":0},"north":{"uv":[3.25,6.25,2.75,7.75],"rotation":0,"texture":"#0","tintindex":0},"west":{"uv":[6.0,6.5,5.5,8.0],"rotation":0,"texture":"#0","tintindex":0},"up":{"uv":[8.75,7.0,9.25,6.5],"rotation":0,"texture":"#0","tintindex":0},"down":{"uv":[8.75,7.75,9.25,7.25],"rotation":0,"texture":"#0","tintindex":0}}},{"from":[8.556777,11.7918625,7.826457],"to":[9.655869,15.144086,8.925549],"rotation":{"angle":0.0,"axis":"y","origin":[15.1513195,15.144086,7.276914]},"faces":{"east":{"uv":[6.0,8.0,5.5,6.5],"rotation":0,"texture":"#0","tintindex":0},"south":{"uv":[3.25,7.75,2.75,6.25],"rotation":0,"texture":"#0","tintindex":0},"north":{"uv":[1.75,7.75,1.25,6.25],"rotation":0,"texture":"#0","tintindex":0},"west":{"uv":[2.5,7.75,2.0,6.25],"rotation":0,"texture":"#0","tintindex":0},"up":{"uv":[9.25,7.25,8.75,7.75],"rotation":0,"texture":"#0","tintindex":0},"down":{"uv":[8.75,6.5,9.25,7.0],"rotation":0,"texture":"#0","tintindex":0}}},{"from":[8.556777,8.0,7.826457],"to":[9.655869,11.352223,8.925549],"rotation":{"angle":0.0,"axis":"y","origin":[15.1513195,8.0,7.276914]},"faces":{"east":{"uv":[6.0,6.5,5.5,8.0],"rotation":0,"texture":"#0","tintindex":0},"south":{"uv":[3.25,6.25,2.75,7.75],"rotation":0,"texture":"#0","tintindex":0},"north":{"uv":[1.75,6.25,1.25,7.75],"rotation":0,"texture":"#0","tintindex":0},"west":{"uv":[2.5,6.25,2.0,7.75],"rotation":0,"texture":"#0","tintindex":0},"up":{"uv":[9.25,6.5,8.75,7.0],"rotation":0,"texture":"#0","tintindex":0},"down":{"uv":[9.25,7.25,8.75,7.75],"rotation":0,"texture":"#0","tintindex":0}}},{"from":[8.556777,11.7918625,14.421],"to":[9.655869,15.144086,15.520092],"rotation":{"angle":0.0,"axis":"y","origin":[15.1513195,15.144086,16.069633]},"faces":{"east":{"uv":[5.5,8.0,6.0,6.5],"rotation":0,"texture":"#0","tintindex":0},"south":{"uv":[1.25,7.75,1.75,6.25],"rotation":0,"texture":"#0","tintindex":0},"north":{"uv":[2.75,7.75,3.25,6.25],"rotation":0,"texture":"#0","tintindex":0},"west":{"uv":[2.0,7.75,2.5,6.25],"rotation":0,"texture":"#0","tintindex":0},"up":{"uv":[9.25,7.75,8.75,7.25],"rotation":0,"texture":"#0","tintindex":0},"down":{"uv":[8.75,7.0,9.25,6.5],"rotation":0,"texture":"#0","tintindex":0}}},{"from":[8.556777,8.0,14.421],"to":[9.655869,11.352223,15.520092],"rotation":{"angle":0.0,"axis":"y","origin":[15.1513195,8.0,16.069633]},"faces":{"east":{"uv":[5.5,6.5,6.0,8.0],"rotation":0,"texture":"#0","tintindex":0},"south":{"uv":[1.25,6.25,1.75,7.75],"rotation":0,"texture":"#0","tintindex":0},"north":{"uv":[2.75,6.25,3.25,7.75],"rotation":0,"texture":"#0","tintindex":0},"west":{"uv":[2.0,6.25,2.5,7.75],"rotation":0,"texture":"#0","tintindex":0},"up":{"uv":[9.25,7.0,8.75,6.5],"rotation":0,"texture":"#0","tintindex":0},"down":{"uv":[9.25,7.75,8.75,7.25],"rotation":0,"texture":"#0","tintindex":0}}},{"from":[12.953137,10.472955,10.5741825],"to":[14.052229,12.671132,12.772366],"rotation":{"angle":0.0,"axis":"y","origin":[7.4576855,7.17568,7.276914]},"faces":{"east":{"uv":[6.0,1.5,7.0,2.5],"rotation":0,"texture":"#0","tintindex":0},"south":{"uv":[7.25,8.0,7.75,9.0],"rotation":0,"texture":"#0","tintindex":0},"north":{"uv":[8.0,6.5,8.5,7.5],"rotation":0,"texture":"#0","tintindex":0},"west":{"uv":[0.0,6.25,1.0,7.25],"rotation":0,"texture":"#0","tintindex":0},"up":{"uv":[8.5,8.75,8.0,7.75],"rotation":0,"texture":"#0","tintindex":0},"down":{"uv":[6.0,8.25,5.5,9.25],"rotation":0,"texture":"#0","tintindex":0}}},{"from":[9.381091,11.297269,8.650777],"to":[13.227909,11.846817,14.695772],"rotation":{"angle":0.0,"axis":"y","origin":[7.1829143,8.0,7.551686]},"faces":{"east":{"uv":[7.25,2.25,10.0,2.5],"rotation":0,"texture":"#0","tintindex":0},"south":{"uv":[8.75,3.25,10.5,3.5],"rotation":0,"texture":"#0","tintindex":0},"north":{"uv":[8.75,2.75,10.5,3.0],"rotation":0,"texture":"#0","tintindex":0},"west":{"uv":[7.75,6.0,10.5,6.25],"rotation":0,"texture":"#0","tintindex":0},"up":{"uv":[1.75,6.0,0.0,3.25],"rotation":0,"texture":"#0","tintindex":0},"down":{"uv":[3.75,3.25,2.0,6.0],"rotation":0,"texture":"#0","tintindex":0}}},{"from":[8.556777,10.472955,9.749868],"to":[9.655869,12.671132,10.84896],"rotation":{"angle":0.0,"axis":"y","origin":[9.10632,11.572046,10.299412]},"faces":{"east":{"uv":[8.75,0.0,9.25,1.0],"rotation":0,"texture":"#0","tintindex":0},"south":{"uv":[0.75,8.75,1.25,9.75],"rotation":0,"texture":"#0","tintindex":0},"north":{"uv":[0.0,8.75,0.5,9.75],"rotation":0,"texture":"#0","tintindex":0},"west":{"uv":[1.5,8.75,2.0,9.75],"rotation":0,"texture":"#0","tintindex":0},"up":{"uv":[6.75,9.5,6.25,9.0],"rotation":0,"texture":"#0","tintindex":0},"down":{"uv":[8.5,9.0,8.0,9.5],"rotation":0,"texture":"#0","tintindex":0}}},{"from":[8.556777,10.472955,12.497595],"to":[9.655869,12.671132,13.596685],"rotation":{"angle":0.0,"axis":"y","origin":[9.10632,11.572046,13.047137]},"faces":{"east":{"uv":[9.25,0.0,8.75,1.0],"rotation":0,"texture":"#0","tintindex":0},"south":{"uv":[0.75,8.75,1.25,9.75],"rotation":0,"texture":"#0","tintindex":0},"north":{"uv":[0.0,8.75,0.5,9.75],"rotation":0,"texture":"#0","tintindex":0},"west":{"uv":[2.0,9.75,1.5,8.75],"rotation":0,"texture":"#0","tintindex":0},"up":{"uv":[6.75,9.5,6.25,9.0],"rotation":0,"texture":"#0","tintindex":0},"down":{"uv":[8.5,9.0,8.0,9.5],"rotation":0,"texture":"#0","tintindex":0}}},{"from":[10.754954,10.7477255,7.276914],"to":[11.854046,12.39636,8.925549],"rotation":{"angle":0.0,"axis":"y","origin":[6.908143,5.2522745,3.4300966]},"faces":{"east":{"uv":[3.0,8.0,3.75,8.75],"rotation":0,"texture":"#0","tintindex":0},"south":{"uv":[8.75,3.75,9.25,4.5],"rotation":0,"texture":"#0","tintindex":0},"north":{"uv":[2.25,8.75,2.75,9.5],"rotation":0,"texture":"#0","tintindex":0},"west":{"uv":[6.25,8.0,7.0,8.75],"rotation":0,"texture":"#0","tintindex":0},"up":{"uv":[4.5,9.5,4.0,8.75],"rotation":0,"texture":"#0","tintindex":0},"down":{"uv":[5.25,8.75,4.75,9.5],"rotation":0,"texture":"#0","tintindex":0}}},{"from":[10.205412,9.099092,7.551686],"to":[10.754954,11.297269,8.101234],"rotation":{"angle":0.0,"axis":"y","origin":[6.908143,4.153183,3.1553254]},"faces":{"east":{"uv":[7.0,9.25,7.25,10.25],"rotation":0,"texture":"#0","tintindex":0},"south":{"uv":[7.5,9.25,7.75,10.25],"rotation":0,"texture":"#0","tintindex":0},"north":{"uv":[3.5,6.25,3.75,7.25],"rotation":0,"texture":"#0","tintindex":0},"west":{"uv":[9.5,0.0,9.75,1.0],"rotation":0,"texture":"#0","tintindex":0},"up":{"uv":[1.0,7.75,0.75,7.5],"rotation":0,"texture":"#0","tintindex":0},"down":{"uv":[3.75,7.5,3.5,7.75],"rotation":0,"texture":"#0","tintindex":0}}},{"from":[10.754954,9.099092,7.551686],"to":[11.854046,9.648634,8.101234],"rotation":{"angle":0.0,"axis":"y","origin":[6.908143,4.153183,3.1553254]},"faces":{"east":{"uv":[9.5,9.0,9.75,9.25],"rotation":0,"texture":"#0","tintindex":0},"south":{"uv":[0.0,7.5,0.5,7.75],"rotation":0,"texture":"#0","tintindex":0},"north":{"uv":[4.5,2.75,5.0,3.0],"rotation":0,"texture":"#0","tintindex":0},"west":{"uv":[9.25,9.5,9.5,9.75],"rotation":0,"texture":"#0","tintindex":0},"up":{"uv":[9.25,5.0,8.75,4.75],"rotation":0,"texture":"#0","tintindex":0},"down":{"uv":[10.0,5.0,9.5,5.25],"rotation":0,"texture":"#0","tintindex":0}}},{"from":[11.854046,9.099092,7.551686],"to":[12.403595,11.297269,8.101234],"rotation":{"angle":0.0,"axis":"y","origin":[6.908143,4.153183,3.1553254]},"faces":{"east":{"uv":[5.5,9.5,5.75,10.5],"rotation":0,"texture":"#0","tintindex":0},"south":{"uv":[9.5,6.5,9.75,7.5],"rotation":0,"texture":"#0","tintindex":0},"north":{"uv":[9.5,3.75,9.75,4.75],"rotation":0,"texture":"#0","tintindex":0},"west":{"uv":[9.5,7.75,9.75,8.75],"rotation":0,"texture":"#0","tintindex":0},"up":{"uv":[9.75,5.75,9.5,5.5],"rotation":0,"texture":"#0","tintindex":0},"down":{"uv":[9.0,9.5,8.75,9.75],"rotation":0,"texture":"#0","tintindex":0}}},{"from":[10.754954,10.7477255,14.421],"to":[11.854046,12.39636,16.069633],"rotation":{"angle":0.0,"axis":"y","origin":[6.908143,5.2522745,19.916452]},"faces":{"east":{"uv":[3.75,8.0,3.0,8.75],"rotation":0,"texture":"#0","tintindex":0},"south":{"uv":[2.75,8.75,2.25,9.5],"rotation":0,"texture":"#0","tintindex":0},"north":{"uv":[9.25,3.75,8.75,4.5],"rotation":0,"texture":"#0","tintindex":0},"west":{"uv":[7.0,8.0,6.25,8.75],"rotation":0,"texture":"#0","tintindex":0},"up":{"uv":[4.0,9.5,4.5,8.75],"rotation":0,"texture":"#0","tintindex":0},"down":{"uv":[4.75,9.5,5.25,8.75],"rotation":0,"texture":"#0","tintindex":0}}},{"from":[11.854046,9.099092,15.24532],"to":[12.403595,11.297269,15.794863],"rotation":{"angle":0.0,"axis":"y","origin":[6.908143,4.153183,20.191223]},"faces":{"east":{"uv":[5.75,9.5,5.5,10.5],"rotation":0,"texture":"#0","tintindex":0},"south":{"uv":[9.75,3.75,9.5,4.75],"rotation":0,"texture":"#0","tintindex":0},"north":{"uv":[9.75,6.5,9.5,7.5],"rotation":0,"texture":"#0","tintindex":0},"west":{"uv":[9.75,7.75,9.5,8.75],"rotation":0,"texture":"#0","tintindex":0},"up":{"uv":[9.5,5.75,9.75,5.5],"rotation":0,"texture":"#0","tintindex":0},"down":{"uv":[8.75,9.75,9.0,9.5],"rotation":0,"texture":"#0","tintindex":0}}},{"from":[10.754954,9.099092,15.24532],"to":[11.854046,9.648634,15.794863],"rotation":{"angle":0.0,"axis":"y","origin":[6.908143,4.153183,20.191223]},"faces":{"east":{"uv":[9.75,9.0,9.5,9.25],"rotation":0,"texture":"#0","tintindex":0},"south":{"uv":[5.0,2.75,4.5,3.0],"rotation":0,"texture":"#0","tintindex":0},"north":{"uv":[0.5,7.5,0.0,7.75],"rotation":0,"texture":"#0","tintindex":0},"west":{"uv":[9.5,9.5,9.25,9.75],"rotation":0,"texture":"#0","tintindex":0},"up":{"uv":[8.75,5.0,9.25,4.75],"rotation":0,"texture":"#0","tintindex":0},"down":{"uv":[9.5,5.25,10.0,5.0],"rotation":0,"texture":"#0","tintindex":0}}},{"from":[10.205412,9.099092,15.24532],"to":[10.754954,11.297269,15.794863],"rotation":{"angle":0.0,"axis":"y","origin":[6.908143,4.153183,20.191223]},"faces":{"east":{"uv":[7.25,9.25,7.0,10.25],"rotation":0,"texture":"#0","tintindex":0},"south":{"uv":[3.75,6.25,3.5,7.25],"rotation":0,"texture":"#0","tintindex":0},"north":{"uv":[7.75,9.25,7.5,10.25],"rotation":0,"texture":"#0","tintindex":0},"west":{"uv":[9.75,0.0,9.5,1.0],"rotation":0,"texture":"#0","tintindex":0},"up":{"uv":[0.75,7.75,1.0,7.5],"rotation":0,"texture":"#0","tintindex":0},"down":{"uv":[3.5,7.75,3.75,7.5],"rotation":0,"texture":"#0","tintindex":0}}}],"display":{"head":{"translation":[0.0,-6.4,0.0],"scale":[4.0,4.0,4.0]}}}