{"elements":[{"from":[14.285715,8.0,8.571428],"to":[15.428572,11.485714,9.714286],"rotation":{"angle":0.0,"axis":"y","origin":[8.571428,8.0,8.0]},"faces":{"south":{"uv":[2.75,6.25,3.25,7.75],"rotation":0,"texture":"#0","tintindex":0},"north":{"uv":[1.25,6.25,1.75,7.75],"rotation":0,"texture":"#0","tintindex":0},"down":{"uv":[9.25,7.25,8.75,7.75],"rotation":0,"texture":"#0","tintindex":0},"east":{"uv":[2.0,6.25,2.5,7.75],"rotation":0,"texture":"#0","tintindex":0},"west":{"uv":[5.5,6.5,6.0,8.0],"rotation":0,"texture":"#0","tintindex":0},"up":{"uv":[9.25,7.0,8.75,6.5],"rotation":0,"texture":"#0","tintindex":0}}},{"from":[10.285714,9.142858,9.142858],"to":[14.857143,11.428572,16.0],"rotation":{"angle":0.0,"axis":"y","origin":[8.0,8.0,8.0]},"faces":{"south":{"uv":[5.5,5.25,7.5,6.25],"rotation":0,"texture":"#0","tintindex":0},"north":{"uv":[5.5,5.25,7.5,6.25],"rotation":0,"texture":"#0","tintindex":0},"down":{"uv":[4.25,0.0,2.25,3.0],"rotation":0,"texture":"#0","tintindex":0},"east":{"uv":[5.5,2.75,8.5,3.75],"rotation":0,"texture":"#0","tintindex":0},"west":{"uv":[5.5,4.0,8.5,5.0],"rotation":0,"texture":"#0","tintindex":0},"up":{"uv":[2.0,3.0,0.0,0.0],"rotation":0,"texture":"#0","tintindex":0}}},{"from":[10.0,14.285715,9.714286],"to":[11.142858,15.428572,15.428572],"rotation":{"angle":0.0,"axis":"y","origin":[7.714286,15.428572,8.0]},"faces":{"south":{"uv":[3.0,9.0,3.5,9.5],"rotation":0,"texture":"#0","tintindex":0},"north":{"uv":[9.0,1.25,9.5,1.75],"rotation":0,"texture":"#0","tintindex":0},"down":{"uv":[5.25,6.0,4.75,8.5],"rotation":0,"texture":"#0","tintindex":0},"east":{"uv":[6.0,0.0,8.5,0.5],"rotation":0,"texture":"#0","tintindex":0},"west":{"uv":[6.0,0.75,8.5,1.25],"rotation":0,"texture":"#0","tintindex":0},"up":{"uv":[4.5,8.5,4.0,6.0],"rotation":0,"texture":"#0","tintindex":0}}},{"from":[14.0,14.285715,9.714286],"to":[15.142858,15.428572,15.428572],"rotation":{"angle":0.0,"axis":"y","origin":[17.428572,15.428572,8.0]},"faces":{"south":{"uv":[3.5,9.5,3.0,9.0],"rotation":0,"texture":"#0","tintindex":0},"north":{"uv":[9.5,1.75,9.0,1.25],"rotation":0,"texture":"#0","tintindex":0},"down":{"uv":[4.75,6.0,5.25,8.5],"rotation":0,"texture":"#0","tintindex":0},"east":{"uv":[8.5,1.25,6.0,0.75],"rotation":0,"texture":"#0","tintindex":0},"west":{"uv":[8.5,0.5,6.0,0.0],"rotation":0,"texture":"#0","tintindex":0},"up":{"uv":[4.0,8.5,4.5,6.0],"rotation":0,"texture":"#0","tintindex":0}}},{"from":[11.142858,14.0,9.714286],"to":[14.0,15.142858,15.428572],"rotation":{"angle":0.0,"axis":"y","origin":[7.714286,15.142858,8.0]},"faces":{"south":{"uv":[1.5,8.0,2.75,8.5],"rotation":0,"texture":"#0","tintindex":0},"north":{"uv":[0.0,8.0,1.25,8.5],"rotation":0,"texture":"#0","tintindex":0},"down":{"uv":[5.75,0.0,4.5,2.5],"rotation":0,"texture":"#0","tintindex":0},"east":{"uv":[6.0,0.5,8.5,0.0],"rotation":0,"texture":"#0","tintindex":0},"west":{"uv":[6.0,1.25,8.5,0.75],"rotation":0,"texture":"#0","tintindex":0},"up":{"uv":[5.25,5.75,4.0,3.25],"rotation":0,"texture":"#0","tintindex":0}}},{"from":[11.142858,8.285714,9.714286],"to":[14.0,9.428572,15.428572],"rotation":{"angle":0.0,"axis":"y","origin":[7.714286,8.285714,8.0]},"faces":{"south":{"uv":[1.5,8.0,2.75,8.5],"rotation":0,"texture":"#0","tintindex":0},"north":{"uv":[0.0,8.0,1.25,8.5],"rotation":0,"texture":"#0","tintindex":0},"down":{"uv":[5.25,5.75,4.0,3.25],"rotation":0,"texture":"#0","tintindex":0},"east":{"uv":[6.0,0.0,8.5,0.5],"rotation":0,"texture":"#0","tintindex":0},"west":{"uv":[6.0,0.75,8.5,1.25],"rotation":0,"texture":"#0","tintindex":0},"up":{"uv":[5.75,0.0,4.5,2.5],"rotation":0,"texture":"#0","tintindex":0}}},{"from":[10.285714,12.0,9.142858],"to":[14.857143,14.285715,16.0],"rotation":{"angle":0.0,"axis":"y","origin":[8.0,15.428572,8.0]},"faces":{"south":{"uv":[5.5,6.25,7.5,5.25],"rotation":0,"texture":"#0","tintindex":0},"north":{"uv":[5.5,6.25,7.5,5.25],"rotation":0,"texture":"#0","tintindex":0},"down":{"uv":[0.0,0.0,2.0,3.0],"rotation":0,"texture":"#0","tintindex":0},"east":{"uv":[5.5,3.75,8.5,2.75],"rotation":0,"texture":"#0","tintindex":0},"west":{"uv":[5.5,5.0,8.5,4.0],"rotation":0,"texture":"#0","tintindex":0},"up":{"uv":[2.25,0.0,4.25,3.0],"rotation":0,"texture":"#0","tintindex":0}}},{"from":[10.857143,14.276789,8.857143],"to":[14.285715,15.419645,10.0],"rotation":{"angle":0.0,"axis":"y","origin":[8.0,15.419645,8.0]},"faces":{"south":{"uv":[7.25,1.5,8.75,2.0],"rotation":0,"texture":"#0","tintindex":0},"north":{"uv":[6.25,6.5,7.75,7.0],"rotation":0,"texture":"#0","tintindex":0},"down":{"uv":[9.25,5.25,7.75,5.75],"rotation":0,"texture":"#0","tintindex":0},"east":{"uv":[8.75,8.0,9.25,8.5],"rotation":0,"texture":"#0","tintindex":0},"west":{"uv":[8.75,8.75,9.25,9.25],"rotation":0,"texture":"#0","tintindex":0},"up":{"uv":[7.75,7.75,6.25,7.25],"rotation":0,"texture":"#0","tintindex":0}}},{"from":[10.857143,14.276789,15.142858],"to":[14.285715,15.419645,16.285715],"rotation":{"angle":0.0,"axis":"y","origin":[8.0,15.419645,17.142857]},"faces":{"south":{"uv":[7.75,7.0,6.25,6.5],"rotation":0,"texture":"#0","tintindex":0},"north":{"uv":[8.75,2.0,7.25,1.5],"rotation":0,"texture":"#0","tintindex":0},"down":{"uv":[9.25,5.75,7.75,5.25],"rotation":0,"texture":"#0","tintindex":0},"east":{"uv":[9.25,8.5,8.75,8.0],"rotation":0,"texture":"#0","tintindex":0},"west":{"uv":[9.25,9.25,8.75,8.75],"rotation":0,"texture":"#0","tintindex":0},"up":{"uv":[7.75,7.25,6.25,7.75],"rotation":0,"texture":"#0","tintindex":0}}},{"from":[14.0,8.0,9.714286],"to":[15.142858,9.142858,15.428572],"rotation":{"angle":0.0,"axis":"y","origin":[17.428572,9.142858,8.0]},"faces":{"south":{"uv":[3.5,9.5,3.0,9.0],"rotation":0,"texture":"#0","tintindex":0},"north":{"uv":[9.5,1.75,9.0,1.25],"rotation":0,"texture":"#0","tintindex":0},"down":{"uv":[4.75,6.0,5.25,8.5],"rotation":0,"texture":"#0","tintindex":0},"east":{"uv":[8.5,1.25,6.0,0.75],"rotation":0,"texture":"#0","tintindex":0},"west":{"uv":[8.5,0.5,6.0,0.0],"rotation":0,"texture":"#0","tintindex":0},"up":{"uv":[4.0,8.5,4.5,6.0],"rotation":0,"texture":"#0","tintindex":0}}},{"from":[10.857143,7.991074,15.142858],"to":[14.285715,9.133931,16.285715],"rotation":{"angle":0.0,"axis":"y","origin":[8.0,9.133931,17.142857]},"faces":{"south":{"uv":[7.75,7.0,6.25,6.5],"rotation":0,"texture":"#0","tintindex":0},"north":{"uv":[8.75,2.0,7.25,1.5],"rotation":0,"texture":"#0","tintindex":0},"down":{"uv":[9.25,5.75,7.75,5.25],"rotation":0,"texture":"#0","tintindex":0},"east":{"uv":[9.25,8.5,8.75,8.0],"rotation":0,"texture":"#0","tintindex":0},"west":{"uv":[9.25,9.25,8.75,8.75],"rotation":0,"texture":"#0","tintindex":0},"up":{"uv":[7.75,7.25,6.25,7.75],"rotation":0,"texture":"#0","tintindex":0}}},{"from":[10.0,8.0,9.714286],"to":[11.142858,9.142858,15.428572],"rotation":{"angle":0.0,"axis":"y","origin":[7.714286,9.142858,8.0]},"faces":{"south":{"uv":[3.0,9.5,3.5,9.0],"rotation":0,"texture":"#0","tintindex":0},"north":{"uv":[9.0,1.75,9.5,1.25],"rotation":0,"texture":"#0","tintindex":0},"down":{"uv":[5.25,6.0,4.75,8.5],"rotation":0,"texture":"#0","tintindex":0},"east":{"uv":[6.0,0.5,8.5,0.0],"rotation":0,"texture":"#0","tintindex":0},"west":{"uv":[6.0,1.25,8.5,0.75],"rotation":0,"texture":"#0","tintindex":0},"up":{"uv":[4.5,8.5,4.0,6.0],"rotation":0,"texture":"#0","tintindex":0}}},{"from":[10.857143,7.991074,8.857143],"to":[14.285715,9.133931,10.0],"rotation":{"angle":0.0,"axis":"y","origin":[8.0,9.133931,8.0]},"faces":{"south":{"uv":[7.25,2.0,8.75,1.5],"rotation":0,"texture":"#0","tintindex":0},"north":{"uv":[6.25,7.0,7.75,6.5],"rotation":0,"texture":"#0","tintindex":0},"down":{"uv":[9.25,5.25,7.75,5.75],"rotation":0,"texture":"#0","tintindex":0},"east":{"uv":[8.75,8.5,9.25,8.0],"rotation":0,"texture":"#0","tintindex":0},"west":{"uv":[8.75,9.25,9.25,8.75],"rotation":0,"texture":"#0","tintindex":0},"up":{"uv":[7.75,7.75,6.25,7.25],"rotation":0,"texture":"#0","tintindex":0}}},{"from":[14.285715,11.942858,8.571428],"to":[15.428572,15.428572,9.714286],"rotation":{"angle":0.0,"axis":"y","origin":[8.571428,15.428572,8.0]},"faces":{"south":{"uv":[2.75,7.75,3.25,6.25],"rotation":0,"texture":"#0","tintindex":0},"north":{"uv":[1.25,7.75,1.75,6.25],"rotation":0,"texture":"#0","tintindex":0},"down":{"uv":[9.25,6.5,8.75,7.0],"rotation":0,"texture":"#0","tintindex":0},"east":{"uv":[2.0,7.75,2.5,6.25],"rotation":0,"texture":"#0","tintindex":0},"west":{"uv":[5.5,8.0,6.0,6.5],"rotation":0,"texture":"#0","tintindex":0},"up":{"uv":[8.75,7.25,9.25,7.75],"rotation":0,"texture":"#0","tintindex":0}}},{"from":[14.285715,11.942858,15.428572],"to":[15.428572,15.428572,16.57143],"rotation":{"angle":0.0,"axis":"y","origin":[8.571428,15.428572,17.142857]},"faces":{"south":{"uv":[1.75,7.75,1.25,6.25],"rotation":0,"texture":"#0","tintindex":0},"north":{"uv":[3.25,7.75,2.75,6.25],"rotation":0,"texture":"#0","tintindex":0},"down":{"uv":[9.25,7.0,8.75,6.5],"rotation":0,"texture":"#0","tintindex":0},"east":{"uv":[2.5,7.75,2.0,6.25],"rotation":0,"texture":"#0","tintindex":0},"west":{"uv":[6.0,8.0,5.5,6.5],"rotation":0,"texture":"#0","tintindex":0},"up":{"uv":[8.75,7.75,9.25,7.25],"rotation":0,"texture":"#0","tintindex":0}}},{"from":[14.285715,8.0,15.428572],"to":[15.428572,11.485714,16.57143],"rotation":{"angle":0.0,"axis":"y","origin":[8.571428,8.0,17.142857]},"faces":{"south":{"uv":[1.75,6.25,1.25,7.75],"rotation":0,"texture":"#0","tintindex":0},"north":{"uv":[3.25,6.25,2.75,7.75],"rotation":0,"texture":"#0","tintindex":0},"down":{"uv":[8.75,7.75,9.25,7.25],"rotation":0,"texture":"#0","tintindex":0},"east":{"uv":[2.5,6.25,2.0,7.75],"rotation":0,"texture":"#0","tintindex":0},"west":{"uv":[6.0,6.5,5.5,8.0],"rotation":0,"texture":"#0","tintindex":0},"up":{"uv":[8.75,7.0,9.25,6.5],"rotation":0,"texture":"#0","tintindex":0}}},{"from":[9.714286,11.942858,8.571428],"to":[10.857143,15.428572,9.714286],"rotation":{"angle":0.0,"axis":"y","origin":[16.57143,15.428572,8.0]},"faces":{"south":{"uv":[3.25,7.75,2.75,6.25],"rotation":0,"texture":"#0","tintindex":0},"north":{"uv":[1.75,7.75,1.25,6.25],"rotation":0,"texture":"#0","tintindex":0},"down":{"uv":[8.75,6.5,9.25,7.0],"rotation":0,"texture":"#0","tintindex":0},"east":{"uv":[6.0,8.0,5.5,6.5],"rotation":0,"texture":"#0","tintindex":0},"west":{"uv":[2.5,7.75,2.0,6.25],"rotation":0,"texture":"#0","tintindex":0},"up":{"uv":[9.25,7.25,8.75,7.75],"rotation":0,"texture":"#0","tintindex":0}}},{"from":[9.714286,8.0,8.571428],"to":[10.857143,11.485714,9.714286],"rotation":{"angle":0.0,"axis":"y","origin":[16.57143,8.0,8.0]},"faces":{"south":{"uv":[3.25,6.25,2.75,7.75],"rotation":0,"texture":"#0","tintindex":0},"north":{"uv":[1.75,6.25,1.25,7.75],"rotation":0,"texture":"#0","tintindex":0},"down":{"uv":[9.25,7.25,8.75,7.75],"rotation":0,"texture":"#0","tintindex":0},"east":{"uv":[6.0,6.5,5.5,8.0],"rotation":0,"texture":"#0","tintindex":0},"west":{"uv":[2.5,6.25,2.0,7.75],"rotation":0,"texture":"#0","tintindex":0},"up":{"uv":[9.25,6.5,8.75,7.0],"rotation":0,"texture":"#0","tintindex":0}}},{"from":[9.714286,11.942858,15.428572],"to":[10.857143,15.428572,16.57143],"rotation":{"angle":0.0,"axis":"y","origin":[16.57143,15.428572,17.142857]},"faces":{"south":{"uv":[1.25,7.75,1.75,6.25],"rotation":0,"texture":"#0","tintindex":0},"north":{"uv":[2.75,7.75,3.25,6.25],"rotation":0,"texture":"#0","tintindex":0},"down":{"uv":[8.75,7.0,9.25,6.5],"rotation":0,"texture":"#0","tintindex":0},"east":{"uv":[5.5,8.0,6.0,6.5],"rotation":0,"texture":"#0","tintindex":0},"west":{"uv":[2.0,7.75,2.5,6.25],"rotation":0,"texture":"#0","tintindex":0},"up":{"uv":[9.25,7.75,8.75,7.25],"rotation":0,"texture":"#0","tintindex":0}}},{"from":[9.714286,8.0,15.428572],"to":[10.857143,11.485714,16.57143],"rotation":{"angle":0.0,"axis":"y","origin":[16.57143,8.0,17.142857]},"faces":{"south":{"uv":[1.25,6.25,1.75,7.75],"rotation":0,"texture":"#0","tintindex":0},"north":{"uv":[2.75,6.25,3.25,7.75],"rotation":0,"texture":"#0","tintindex":0},"down":{"uv":[9.25,7.75,8.75,7.25],"rotation":0,"texture":"#0","tintindex":0},"east":{"uv":[5.5,6.5,6.0,8.0],"rotation":0,"texture":"#0","tintindex":0},"west":{"uv":[2.0,6.25,2.5,7.75],"rotation":0,"texture":"#0","tintindex":0},"up":{"uv":[9.25,7.0,8.75,6.5],"rotation":0,"texture":"#0","tintindex":0}}},{"from":[14.285715,10.571428,11.428572],"to":[15.428572,12.857143,13.714286],"rotation":{"angle":0.0,"axis":"y","origin":[8.571428,7.142857,8.0]},"faces":{"south":{"uv":[7.25,8.0,7.75,9.0],"rotation":0,"texture":"#0","tintindex":0},"north":{"uv":[8.0,6.5,8.5,7.5],"rotation":0,"texture":"#0","tintindex":0},"down":{"uv":[6.0,8.25,5.5,9.25],"rotation":0,"texture":"#0","tintindex":0},"east":{"uv":[6.0,1.5,7.0,2.5],"rotation":0,"texture":"#0","tintindex":0},"west":{"uv":[0.0,6.25,1.0,7.25],"rotation":0,"texture":"#0","tintindex":0},"up":{"uv":[8.5,8.75,8.0,7.75],"rotation":0,"texture":"#0","tintindex":0}}},{"from":[10.571428,11.428572,9.428572],"to":[14.571428,12.0,15.714286],"rotation":{"angle":0.0,"axis":"y","origin":[8.285714,8.0,8.285714]},"faces":{"south":{"uv":[8.75,3.25,10.5,3.5],"rotation":0,"texture":"#0","tintindex":0},"north":{"uv":[8.75,2.75,10.5,3.0],"rotation":0,"texture":"#0","tintindex":0},"down":{"uv":[3.75,3.25,2.0,6.0],"rotation":0,"texture":"#0","tintindex":0},"east":{"uv":[7.25,2.25,10.0,2.5],"rotation":0,"texture":"#0","tintindex":0},"west":{"uv":[7.75,6.0,10.5,6.25],"rotation":0,"texture":"#0","tintindex":0},"up":{"uv":[1.75,6.0,0.0,3.25],"rotation":0,"texture":"#0","tintindex":0}}},{"from":[9.714286,10.571428,10.571428],"to":[10.857143,12.857143,11.714286],"rotation":{"angle":0.0,"axis":"y","origin":[10.285714,11.714286,11.142858]},"faces":{"south":{"uv":[0.75,8.75,1.25,9.75],"rotation":0,"texture":"#0","tintindex":0},"north":{"uv":[0.0,8.75,0.5,9.75],"rotation":0,"texture":"#0","tintindex":0},"down":{"uv":[8.5,9.0,8.0,9.5],"rotation":0,"texture":"#0","tintindex":0},"east":{"uv":[8.75,0.0,9.25,1.0],"rotation":0,"texture":"#0","tintindex":0},"west":{"uv":[1.5,8.75,2.0,9.75],"rotation":0,"texture":"#0","tintindex":0},"up":{"uv":[6.75,9.5,6.25,9.0],"rotation":0,"texture":"#0","tintindex":0}}},{"from":[9.714286,10.571428,13.428572],"to":[10.857143,12.857143,14.571428],"rotation":{"angle":0.0,"axis":"y","origin":[10.285714,11.714286,14.0]},"faces":{"south":{"uv":[0.75,8.75,1.25,9.75],"rotation":0,"texture":"#0","tintindex":0},"north":{"uv":[0.0,8.75,0.5,9.75],"rotation":0,"texture":"#0","tintindex":0},"down":{"uv":[8.5,9.0,8.0,9.5],"rotation":0,"texture":"#0","tintindex":0},"east":{"uv":[9.25,0.0,8.75,1.0],"rotation":0,"texture":"#0","tintindex":0},"west":{"uv":[2.0,9.75,1.5,8.75],"rotation":0,"texture":"#0","tintindex":0},"up":{"uv":[6.75,9.5,6.25,9.0],"rotation":0,"texture":"#0","tintindex":0}}},{"from":[12.0,10.857143,8.0],"to":[13.142858,12.571428,9.714286],"rotation":{"angle":0.0,"axis":"y","origin":[8.0,5.142857,4.0]},"faces":{"south":{"uv":[8.75,3.75,9.25,4.5],"rotation":0,"texture":"#0","tintindex":0},"north":{"uv":[2.25,8.75,2.75,9.5],"rotation":0,"texture":"#0","tintindex":0},"down":{"uv":[5.25,8.75,4.75,9.5],"rotation":0,"texture":"#0","tintindex":0},"east":{"uv":[3.0,8.0,3.75,8.75],"rotation":0,"texture":"#0","tintindex":0},"west":{"uv":[6.25,8.0,7.0,8.75],"rotation":0,"texture":"#0","tintindex":0},"up":{"uv":[4.5,9.5,4.0,8.75],"rotation":0,"texture":"#0","tintindex":0}}},{"from":[11.428572,9.142858,8.285714],"to":[12.0,11.428572,8.857143],"rotation":{"angle":0.0,"axis":"y","origin":[8.0,4.0,3.7142854]},"faces":{"south":{"uv":[7.5,9.25,7.75,10.25],"rotation":0,"texture":"#0","tintindex":0},"north":{"uv":[3.5,6.25,3.75,7.25],"rotation":0,"texture":"#0","tintindex":0},"down":{"uv":[3.75,7.5,3.5,7.75],"rotation":0,"texture":"#0","tintindex":0},"east":{"uv":[7.0,9.25,7.25,10.25],"rotation":0,"texture":"#0","tintindex":0},"west":{"uv":[9.5,0.0,9.75,1.0],"rotation":0,"texture":"#0","tintindex":0},"up":{"uv":[1.0,7.75,0.75,7.5],"rotation":0,"texture":"#0","tintindex":0}}},{"from":[12.0,9.142858,8.285714],"to":[13.142858,9.714286,8.857143],"rotation":{"angle":0.0,"axis":"y","origin":[8.0,4.0,3.7142854]},"faces":{"south":{"uv":[0.0,7.5,0.5,7.75],"rotation":0,"texture":"#0","tintindex":0},"north":{"uv":[4.5,2.75,5.0,3.0],"rotation":0,"texture":"#0","tintindex":0},"down":{"uv":[10.0,5.0,9.5,5.25],"rotation":0,"texture":"#0","tintindex":0},"east":{"uv":[9.5,9.0,9.75,9.25],"rotation":0,"texture":"#0","tintindex":0},"west":{"uv":[9.25,9.5,9.5,9.75],"rotation":0,"texture":"#0","tintindex":0},"up":{"uv":[9.25,5.0,8.75,4.75],"rotation":0,"texture":"#0","tintindex":0}}},{"from":[13.142858,9.142858,8.285714],"to":[13.714286,11.428572,8.857143],"rotation":{"angle":0.0,"axis":"y","origin":[8.0,4.0,3.7142854]},"faces":{"south":{"uv":[9.5,6.5,9.75,7.5],"rotation":0,"texture":"#0","tintindex":0},"north":{"uv":[9.5,3.75,9.75,4.75],"rotation":0,"texture":"#0","tintindex":0},"down":{"uv":[9.0,9.5,8.75,9.75],"rotation":0,"texture":"#0","tintindex":0},"east":{"uv":[5.5,9.5,5.75,10.5],"rotation":0,"texture":"#0","tintindex":0},"west":{"uv":[9.5,7.75,9.75,8.75],"rotation":0,"texture":"#0","tintindex":0},"up":{"uv":[9.75,5.75,9.5,5.5],"rotation":0,"texture":"#0","tintindex":0}}},{"from":[12.0,10.857143,15.428572],"to":[13.142858,12.571428,17.142857],"rotation":{"angle":0.0,"axis":"y","origin":[8.0,5.142857,21.142857]},"faces":{"south":{"uv":[2.75,8.75,2.25,9.5],"rotation":0,"texture":"#0","tintindex":0},"north":{"uv":[9.25,3.75,8.75,4.5],"rotation":0,"texture":"#0","tintindex":0},"down":{"uv":[4.75,9.5,5.25,8.75],"rotation":0,"texture":"#0","tintindex":0},"east":{"uv":[3.75,8.0,3.0,8.75],"rotation":0,"texture":"#0","tintindex":0},"west":{"uv":[7.0,8.0,6.25,8.75],"rotation":0,"texture":"#0","tintindex":0},"up":{"uv":[4.0,9.5,4.5,8.75],"rotation":0,"texture":"#0","tintindex":0}}},{"from":[13.142858,9.142858,16.285715],"to":[13.714286,11.428572,16.857143],"rotation":{"angle":0.0,"axis":"y","origin":[8.0,4.0,21.428572]},"faces":{"south":{"uv":[9.75,3.75,9.5,4.75],"rotation":0,"texture":"#0","tintindex":0},"north":{"uv":[9.75,6.5,9.5,7.5],"rotation":0,"texture":"#0","tintindex":0},"down":{"uv":[8.75,9.75,9.0,9.5],"rotation":0,"texture":"#0","tintindex":0},"east":{"uv":[5.75,9.5,5.5,10.5],"rotation":0,"texture":"#0","tintindex":0},"west":{"uv":[9.75,7.75,9.5,8.75],"rotation":0,"texture":"#0","tintindex":0},"up":{"uv":[9.5,5.75,9.75,5.5],"rotation":0,"texture":"#0","tintindex":0}}},{"from":[12.0,9.142858,16.285715],"to":[13.142858,9.714286,16.857143],"rotation":{"angle":0.0,"axis":"y","origin":[8.0,4.0,21.428572]},"faces":{"south":{"uv":[5.0,2.75,4.5,3.0],"rotation":0,"texture":"#0","tintindex":0},"north":{"uv":[0.5,7.5,0.0,7.75],"rotation":0,"texture":"#0","tintindex":0},"down":{"uv":[9.5,5.25,10.0,5.0],"rotation":0,"texture":"#0","tintindex":0},"east":{"uv":[9.75,9.0,9.5,9.25],"rotation":0,"texture":"#0","tintindex":0},"west":{"uv":[9.5,9.5,9.25,9.75],"rotation":0,"texture":"#0","tintindex":0},"up":{"uv":[8.75,5.0,9.25,4.75],"rotation":0,"texture":"#0","tintindex":0}}},{"from":[11.428572,9.142858,16.285715],"to":[12.0,11.428572,16.857143],"rotation":{"angle":0.0,"axis":"y","origin":[8.0,4.0,21.428572]},"faces":{"south":{"uv":[3.75,6.25,3.5,7.25],"rotation":0,"texture":"#0","tintindex":0},"north":{"uv":[7.75,9.25,7.5,10.25],"rotation":0,"texture":"#0","tintindex":0},"down":{"uv":[3.5,7.75,3.75,7.5],"rotation":0,"texture":"#0","tintindex":0},"east":{"uv":[7.25,9.25,7.0,10.25],"rotation":0,"texture":"#0","tintindex":0},"west":{"uv":[9.75,0.0,9.5,1.0],"rotation":0,"texture":"#0","tintindex":0},"up":{"uv":[0.75,7.75,1.0,7.5],"rotation":0,"texture":"#0","tintindex":0}}}],"textures":{"0":"modelengine:entity/texture_alien_case"},"display":{"head":{"translation":[0.0,-6.4,0.0],"scale":[4.0,4.0,4.0]}}}