{"textures":{"0":"modelengine:entity/akula"},"elements":[{"from":[2.6122456,4.2083426,-4.462824],"to":[5.5510225,6.167526,-0.054656982],"rotation":{"angle":0.0,"axis":"y","origin":[7.5102057,4.2083426,1.4147253]},"faces":{"south":{"uv":[3.0,9.75,3.75,10.25],"rotation":0,"texture":"#0","tintindex":0},"north":{"uv":[1.125,9.75,1.875,10.25],"rotation":0,"texture":"#0","tintindex":0},"down":{"uv":[2.625,8.625,1.875,9.75],"rotation":0,"texture":"#0","tintindex":0},"east":{"uv":[0.0,9.75,1.125,10.25],"rotation":0,"texture":"#0","tintindex":0},"west":{"uv":[1.875,9.75,3.0,10.25],"rotation":0,"texture":"#0","tintindex":0},"up":{"uv":[1.875,9.75,1.125,8.625],"rotation":0,"texture":"#0","tintindex":0}}},{"from":[2.6122456,6.167526,-2.993435],"to":[5.5510225,7.14712,-0.054656982],"rotation":{"angle":0.0,"axis":"y","origin":[8.0,4.2083426,1.4147253]},"faces":{"south":{"uv":[11.75,2.75,12.5,3.0],"rotation":0,"texture":"#0","tintindex":0},"north":{"uv":[10.25,2.75,11.0,3.0],"rotation":0,"texture":"#0","tintindex":0},"down":{"uv":[11.75,2.0,11.0,2.75],"rotation":0,"texture":"#0","tintindex":0},"east":{"uv":[9.5,2.75,10.25,3.0],"rotation":0,"texture":"#0","tintindex":0},"west":{"uv":[11.0,2.75,11.75,3.0],"rotation":0,"texture":"#0","tintindex":0},"up":{"uv":[11.0,2.75,10.25,2.0],"rotation":0,"texture":"#0","tintindex":0}}},{"from":[5.061223,7.14712,-3.9730291],"to":[10.938777,12.534874,3.8637085],"rotation":{"angle":0.0,"axis":"y","origin":[8.0,3.7185483,1.4147253]},"faces":{"south":{"uv":[5.5,2.0,7.0,3.375],"rotation":0,"texture":"#0","tintindex":0},"north":{"uv":[2.0,2.0,3.5,3.375],"rotation":0,"texture":"#0","tintindex":0},"down":{"uv":[5.0,0.0,3.5,2.0],"rotation":0,"texture":"#0","tintindex":0},"east":{"uv":[0.0,2.0,2.0,3.375],"rotation":0,"texture":"#0","tintindex":0},"west":{"uv":[3.5,2.0,5.5,3.375],"rotation":0,"texture":"#0","tintindex":0},"up":{"uv":[3.5,2.0,2.0,0.0],"rotation":0,"texture":"#0","tintindex":0}}},{"from":[5.5510225,9.596097,-11.809767],"to":[10.448977,12.534874,-3.9730291],"rotation":{"angle":0.0,"axis":"y","origin":[8.0,3.7185483,1.4147253]},"faces":{"south":{"uv":[5.25,5.375,6.5,6.125],"rotation":0,"texture":"#0","tintindex":0},"north":{"uv":[2.0,5.375,3.25,6.125],"rotation":0,"texture":"#0","tintindex":0},"down":{"uv":[4.5,3.375,3.25,5.375],"rotation":0,"texture":"#0","tintindex":0},"east":{"uv":[0.0,5.375,2.0,6.125],"rotation":0,"texture":"#0","tintindex":0},"west":{"uv":[3.25,5.375,5.25,6.125],"rotation":0,"texture":"#0","tintindex":0},"up":{"uv":[3.25,5.375,2.0,3.375],"rotation":0,"texture":"#0","tintindex":0}}},{"from":[5.79592,8.126709,-10.340378],"to":[10.204081,10.085892,-3.9730291],"rotation":{"angle":0.0,"axis":"y","origin":[8.0,8.371606,-3.2383318]},"faces":{"south":{"uv":[4.375,8.125,5.5,8.625],"rotation":0,"texture":"#0","tintindex":0},"north":{"uv":[1.625,8.125,2.75,8.625],"rotation":0,"texture":"#0","tintindex":0},"down":{"uv":[3.875,6.5,2.75,8.125],"rotation":0,"texture":"#0","tintindex":0},"east":{"uv":[0.0,8.125,1.625,8.625],"rotation":0,"texture":"#0","tintindex":0},"west":{"uv":[2.75,8.125,4.375,8.625],"rotation":0,"texture":"#0","tintindex":0},"up":{"uv":[2.75,8.125,1.625,6.5],"rotation":0,"texture":"#0","tintindex":0}}},{"from":[6.5306115,8.126709,3.8637085],"to":[9.469389,12.534874,9.251463],"rotation":{"angle":0.0,"axis":"y","origin":[8.0,3.7185483,1.4147253]},"faces":{"south":{"uv":[9.0,7.5,9.75,8.625],"rotation":0,"texture":"#0","tintindex":0},"north":{"uv":[6.875,7.5,7.625,8.625],"rotation":0,"texture":"#0","tintindex":0},"down":{"uv":[8.375,6.125,7.625,7.5],"rotation":0,"texture":"#0","tintindex":0},"east":{"uv":[5.5,7.5,6.875,8.625],"rotation":0,"texture":"#0","tintindex":0},"west":{"uv":[7.625,7.5,9.0,8.625],"rotation":0,"texture":"#0","tintindex":0},"up":{"uv":[7.625,7.5,6.875,6.125],"rotation":0,"texture":"#0","tintindex":0}}},{"from":[2.9770226,5.5753374,-2.7028856],"to":[4.4464054,10.473297,-0.2539034],"rotation":{"angle":0.0,"axis":"y","origin":[3.988823,6.118857,-1.6451025]},"faces":{"south":{"uv":[11.375,6.375,11.75,7.625],"rotation":0,"texture":"#0","tintindex":0},"north":{"uv":[10.375,6.375,10.75,7.625],"rotation":0,"texture":"#0","tintindex":0},"down":{"uv":[11.125,5.75,10.75,6.375],"rotation":0,"texture":"#0","tintindex":0},"east":{"uv":[9.75,6.375,10.375,7.625],"rotation":0,"texture":"#0","tintindex":0},"west":{"uv":[10.75,6.375,11.375,7.625],"rotation":0,"texture":"#0","tintindex":0},"up":{"uv":[10.75,6.375,10.375,5.75],"rotation":0,"texture":"#0","tintindex":0}}},{"from":[7.020406,9.106303,9.251463],"to":[8.979594,12.534874,13.659629],"rotation":{"angle":0.0,"axis":"y","origin":[8.0,3.7185483,1.4147253]},"faces":{"south":{"uv":[6.5,9.75,7.0,10.625],"rotation":0,"texture":"#0","tintindex":0},"north":{"uv":[4.875,9.75,5.375,10.625],"rotation":0,"texture":"#0","tintindex":0},"down":{"uv":[5.875,8.625,5.375,9.75],"rotation":0,"texture":"#0","tintindex":0},"east":{"uv":[3.75,9.75,4.875,10.625],"rotation":0,"texture":"#0","tintindex":0},"west":{"uv":[5.375,9.75,6.5,10.625],"rotation":0,"texture":"#0","tintindex":0},"up":{"uv":[5.375,9.75,4.875,8.625],"rotation":0,"texture":"#0","tintindex":0}}},{"from":[7.3877544,11.560406,-3.9740467],"to":[8.612246,14.499184,2.3933024],"rotation":{"angle":0.0,"axis":"y","origin":[8.0,13.519588,-0.7903719]},"faces":{"south":{"uv":[10.25,5.0,10.5,5.75],"rotation":0,"texture":"#0","tintindex":0},"north":{"uv":[8.375,5.0,8.625,5.75],"rotation":0,"texture":"#0","tintindex":0},"down":{"uv":[8.875,3.375,8.625,5.0],"rotation":0,"texture":"#0","tintindex":0},"east":{"uv":[6.75,5.0,8.375,5.75],"rotation":0,"texture":"#0","tintindex":0},"west":{"uv":[8.625,5.0,10.25,5.75],"rotation":0,"texture":"#0","tintindex":0},"up":{"uv":[8.625,5.0,8.375,3.375],"rotation":0,"texture":"#0","tintindex":0}}},{"from":[7.5102057,6.65732,11.70044],"to":[8.489795,14.983851,15.618812],"rotation":{"angle":0.0,"axis":"y","origin":[8.0,3.7185483,1.4147253]},"faces":{"south":{"uv":[9.25,1.0,9.5,3.125],"rotation":0,"texture":"#0","tintindex":0},"north":{"uv":[8.0,1.0,8.25,3.125],"rotation":0,"texture":"#0","tintindex":0},"down":{"uv":[8.5,0.0,8.25,1.0],"rotation":0,"texture":"#0","tintindex":0},"east":{"uv":[7.0,1.0,8.0,3.125],"rotation":0,"texture":"#0","tintindex":0},"west":{"uv":[8.25,1.0,9.25,3.125],"rotation":0,"texture":"#0","tintindex":0},"up":{"uv":[8.25,1.0,8.0,0.0],"rotation":0,"texture":"#0","tintindex":0}}},{"from":[7.5102057,11.214983,4.1225824],"to":[8.489795,13.66396,9.510337],"rotation":{"angle":0.0,"axis":"y","origin":[8.0,13.419064,7.551154]},"faces":{"south":{"uv":[12.5,1.375,12.75,2.0],"rotation":0,"texture":"#0","tintindex":0},"north":{"uv":[10.875,1.375,11.125,2.0],"rotation":0,"texture":"#0","tintindex":0},"down":{"uv":[11.375,0.0,11.125,1.375],"rotation":0,"texture":"#0","tintindex":0},"east":{"uv":[9.5,1.375,10.875,2.0],"rotation":0,"texture":"#0","tintindex":0},"west":{"uv":[11.125,1.375,12.5,2.0],"rotation":0,"texture":"#0","tintindex":0},"up":{"uv":[11.125,1.375,10.875,0.0],"rotation":0,"texture":"#0","tintindex":0}}},{"from":[2.4897938,5.310383,-4.217927],"to":[5.6734686,6.289977,-2.748538],"rotation":{"angle":0.0,"axis":"y","origin":[8.0,4.2083426,1.4147253]},"faces":{"south":{"uv":[11.375,8.0,12.125,8.25],"rotation":0,"texture":"#0","tintindex":0},"north":{"uv":[10.25,8.0,11.0,8.25],"rotation":0,"texture":"#0","tintindex":0},"down":{"uv":[11.75,7.625,11.0,8.0],"rotation":0,"texture":"#0","tintindex":0},"east":{"uv":[9.875,8.0,10.25,8.25],"rotation":0,"texture":"#0","tintindex":0},"west":{"uv":[11.0,8.0,11.375,8.25],"rotation":0,"texture":"#0","tintindex":0},"up":{"uv":[11.0,8.0,10.25,7.625],"rotation":0,"texture":"#0","tintindex":0}}},{"from":[5.061223,9.596097,-7.8913956],"to":[5.5510225,11.55528,-5.932213],"rotation":{"angle":0.0,"axis":"y","origin":[8.0,3.7185483,1.4147253]},"faces":{"south":{"uv":[1.125,10.75,1.25,11.25],"rotation":0,"texture":"#0","tintindex":0},"north":{"uv":[0.5,10.75,0.625,11.25],"rotation":0,"texture":"#0","tintindex":0},"down":{"uv":[0.75,10.25,0.625,10.75],"rotation":0,"texture":"#0","tintindex":0},"east":{"uv":[0.0,10.75,0.5,11.25],"rotation":0,"texture":"#0","tintindex":0},"west":{"uv":[0.625,10.75,1.125,11.25],"rotation":0,"texture":"#0","tintindex":0},"up":{"uv":[0.625,10.75,0.5,10.25],"rotation":0,"texture":"#0","tintindex":0}}},{"from":[5.8693886,9.963446,-7.524046],"to":[5.8693886,11.187937,-6.2995605],"rotation":{"angle":0.0,"axis":"y","origin":[8.857143,3.7185483,1.4147253]},"faces":{"south":{"uv":[1.5,10.5,1.5,10.75],"rotation":0,"texture":"#0","tintindex":0},"north":{"uv":[1.25,10.5,1.25,10.75],"rotation":0,"texture":"#0","tintindex":0},"down":{"uv":[1.25,10.25,1.25,10.5],"rotation":0,"texture":"#0","tintindex":0},"east":{"uv":[1.0,10.5,1.25,10.75],"rotation":0,"texture":"#0","tintindex":0},"west":{"uv":[1.25,10.5,1.5,10.75],"rotation":0,"texture":"#0","tintindex":0},"up":{"uv":[1.25,10.5,1.25,10.25],"rotation":0,"texture":"#0","tintindex":0}}},{"from":[5.5510225,8.6165085,-11.809767],"to":[10.448977,9.596097,-3.9730291],"rotation":{"angle":0.0,"axis":"y","origin":[8.0,3.7185483,1.4147253]},"faces":{"south":{"uv":[5.25,13.375,6.5,13.625],"rotation":0,"texture":"#0","tintindex":0},"north":{"uv":[2.0,13.375,3.25,13.625],"rotation":0,"texture":"#0","tintindex":0},"down":{"uv":[4.5,11.375,3.25,13.375],"rotation":0,"texture":"#0","tintindex":0},"east":{"uv":[0.0,13.375,2.0,13.625],"rotation":0,"texture":"#0","tintindex":0},"west":{"uv":[3.25,13.375,5.25,13.625],"rotation":0,"texture":"#0","tintindex":0},"up":{"uv":[3.25,13.375,2.0,11.375],"rotation":0,"texture":"#0","tintindex":0}}},{"from":[10.326531,5.310383,-4.217927],"to":[13.510206,6.289977,-2.748538],"rotation":{"angle":0.0,"axis":"y","origin":[8.0,4.2083426,1.4147253]},"faces":{"south":{"uv":[12.125,8.0,11.375,8.25],"rotation":0,"texture":"#0","tintindex":0},"north":{"uv":[11.0,8.0,10.25,8.25],"rotation":0,"texture":"#0","tintindex":0},"down":{"uv":[11.0,7.625,11.75,8.0],"rotation":0,"texture":"#0","tintindex":0},"east":{"uv":[11.375,8.0,11.0,8.25],"rotation":0,"texture":"#0","tintindex":0},"west":{"uv":[10.25,8.0,9.875,8.25],"rotation":0,"texture":"#0","tintindex":0},"up":{"uv":[10.25,8.0,11.0,7.625],"rotation":0,"texture":"#0","tintindex":0}}},{"from":[10.448977,4.2083426,-4.462824],"to":[13.387754,6.167526,-0.054656982],"rotation":{"angle":0.0,"axis":"y","origin":[8.489795,4.2083426,1.4147253]},"faces":{"south":{"uv":[3.75,9.75,3.0,10.25],"rotation":0,"texture":"#0","tintindex":0},"north":{"uv":[1.875,9.75,1.125,10.25],"rotation":0,"texture":"#0","tintindex":0},"down":{"uv":[1.875,8.625,2.625,9.75],"rotation":0,"texture":"#0","tintindex":0},"east":{"uv":[3.0,9.75,1.875,10.25],"rotation":0,"texture":"#0","tintindex":0},"west":{"uv":[1.125,9.75,0.0,10.25],"rotation":0,"texture":"#0","tintindex":0},"up":{"uv":[1.125,9.75,1.875,8.625],"rotation":0,"texture":"#0","tintindex":0}}},{"from":[11.553595,5.5753374,-2.7028856],"to":[13.022984,10.473297,-0.2539034],"rotation":{"angle":0.0,"axis":"y","origin":[12.011177,6.118857,-1.6451025]},"faces":{"south":{"uv":[11.75,6.375,11.375,7.625],"rotation":0,"texture":"#0","tintindex":0},"north":{"uv":[10.75,6.375,10.375,7.625],"rotation":0,"texture":"#0","tintindex":0},"down":{"uv":[10.75,5.75,11.125,6.375],"rotation":0,"texture":"#0","tintindex":0},"east":{"uv":[11.375,6.375,10.75,7.625],"rotation":0,"texture":"#0","tintindex":0},"west":{"uv":[10.375,6.375,9.75,7.625],"rotation":0,"texture":"#0","tintindex":0},"up":{"uv":[10.375,6.375,10.75,5.75],"rotation":0,"texture":"#0","tintindex":0}}},{"from":[10.448977,6.167526,-2.993435],"to":[13.387754,7.14712,-0.054656982],"rotation":{"angle":0.0,"axis":"y","origin":[8.0,4.2083426,1.4147253]},"faces":{"south":{"uv":[12.5,2.75,11.75,3.0],"rotation":0,"texture":"#0","tintindex":0},"north":{"uv":[11.0,2.75,10.25,3.0],"rotation":0,"texture":"#0","tintindex":0},"down":{"uv":[11.0,2.0,11.75,2.75],"rotation":0,"texture":"#0","tintindex":0},"east":{"uv":[11.75,2.75,11.0,3.0],"rotation":0,"texture":"#0","tintindex":0},"west":{"uv":[10.25,2.75,9.5,3.0],"rotation":0,"texture":"#0","tintindex":0},"up":{"uv":[10.25,2.75,11.0,2.0],"rotation":0,"texture":"#0","tintindex":0}}},{"from":[6.285714,5.310383,5.5779943],"to":[9.469389,6.289977,7.047383],"rotation":{"angle":0.0,"axis":"y","origin":[3.9591827,5.9226284,6.3126855]},"faces":{"south":{"uv":[11.375,8.0,12.125,8.25],"rotation":0,"texture":"#0","tintindex":0},"north":{"uv":[10.25,8.0,11.0,8.25],"rotation":0,"texture":"#0","tintindex":0},"down":{"uv":[11.75,7.625,11.0,8.0],"rotation":0,"texture":"#0","tintindex":0},"east":{"uv":[9.875,8.0,10.25,8.25],"rotation":0,"texture":"#0","tintindex":0},"west":{"uv":[11.0,8.0,11.375,8.25],"rotation":0,"texture":"#0","tintindex":0},"up":{"uv":[11.0,8.0,10.25,7.625],"rotation":0,"texture":"#0","tintindex":0}}},{"from":[6.4081655,4.2083426,5.333097],"to":[9.346937,6.167526,9.741257],"rotation":{"angle":0.0,"axis":"y","origin":[3.9591827,5.9226284,6.3126855]},"faces":{"south":{"uv":[3.0,9.75,3.75,10.25],"rotation":0,"texture":"#0","tintindex":0},"north":{"uv":[1.125,9.75,1.875,10.25],"rotation":0,"texture":"#0","tintindex":0},"down":{"uv":[2.625,8.625,1.875,9.75],"rotation":0,"texture":"#0","tintindex":0},"east":{"uv":[0.0,9.75,1.125,10.25],"rotation":0,"texture":"#0","tintindex":0},"west":{"uv":[1.875,9.75,3.0,10.25],"rotation":0,"texture":"#0","tintindex":0},"up":{"uv":[1.875,9.75,1.125,8.625],"rotation":0,"texture":"#0","tintindex":0}}},{"from":[6.4081655,6.167526,6.8024855],"to":[9.346937,7.14712,9.741257],"rotation":{"angle":0.0,"axis":"y","origin":[3.9591827,5.9226284,6.3126855]},"faces":{"south":{"uv":[11.75,2.75,12.5,3.0],"rotation":0,"texture":"#0","tintindex":0},"north":{"uv":[10.25,2.75,11.0,3.0],"rotation":0,"texture":"#0","tintindex":0},"down":{"uv":[11.75,2.0,11.0,2.75],"rotation":0,"texture":"#0","tintindex":0},"east":{"uv":[9.5,2.75,10.25,3.0],"rotation":0,"texture":"#0","tintindex":0},"west":{"uv":[11.0,2.75,11.75,3.0],"rotation":0,"texture":"#0","tintindex":0},"up":{"uv":[11.0,2.75,10.25,2.0],"rotation":0,"texture":"#0","tintindex":0}}},{"from":[10.448977,9.596097,-7.8913956],"to":[10.938777,11.55528,-5.932213],"rotation":{"angle":0.0,"axis":"y","origin":[8.0,3.7185483,1.4147253]},"faces":{"south":{"uv":[1.25,10.75,1.125,11.25],"rotation":0,"texture":"#0","tintindex":0},"north":{"uv":[0.625,10.75,0.5,11.25],"rotation":0,"texture":"#0","tintindex":0},"down":{"uv":[0.625,10.25,0.75,10.75],"rotation":0,"texture":"#0","tintindex":0},"east":{"uv":[1.125,10.75,0.625,11.25],"rotation":0,"texture":"#0","tintindex":0},"west":{"uv":[0.5,10.75,0.0,11.25],"rotation":0,"texture":"#0","tintindex":0},"up":{"uv":[0.5,10.75,0.625,10.25],"rotation":0,"texture":"#0","tintindex":0}}},{"from":[10.130611,9.963446,-7.524046],"to":[10.130611,11.187937,-6.2995605],"rotation":{"angle":0.0,"axis":"y","origin":[7.142857,3.7185483,1.4147253]},"faces":{"south":{"uv":[1.5,10.5,1.5,10.75],"rotation":0,"texture":"#0","tintindex":0},"north":{"uv":[1.25,10.5,1.25,10.75],"rotation":0,"texture":"#0","tintindex":0},"down":{"uv":[1.25,10.25,1.25,10.5],"rotation":0,"texture":"#0","tintindex":0},"east":{"uv":[1.5,10.5,1.25,10.75],"rotation":0,"texture":"#0","tintindex":0},"west":{"uv":[1.25,10.5,1.0,10.75],"rotation":0,"texture":"#0","tintindex":0},"up":{"uv":[1.25,10.5,1.25,10.25],"rotation":0,"texture":"#0","tintindex":0}}},{"from":[7.5102057,6.7755084,4.3265314],"to":[8.489795,9.224491,9.714286],"rotation":{"angle":0.0,"axis":"y","origin":[8.0,8.0,8.0]},"faces":{"south":{"uv":[12.5,1.375,12.75,2.0],"rotation":0,"texture":"#0","tintindex":0},"north":{"uv":[10.875,1.375,11.125,2.0],"rotation":0,"texture":"#0","tintindex":0},"down":{"uv":[11.375,0.0,11.125,1.375],"rotation":0,"texture":"#0","tintindex":0},"east":{"uv":[9.5,1.375,10.875,2.0],"rotation":0,"texture":"#0","tintindex":0},"west":{"uv":[11.125,1.375,12.5,2.0],"rotation":0,"texture":"#0","tintindex":0},"up":{"uv":[11.125,1.375,10.875,0.0],"rotation":0,"texture":"#0","tintindex":0}}}],"display":{"head":{"translation":[0.0,-6.4,0.0],"scale":[4.0,4.0,4.0]}}}