{"textures":{"0":"modelengine:entity/dwarf_1"},"elements":[{"from":[6.8351655,6.5972285,6.4773026],"to":[9.367412,9.129475,9.516],"rotation":{"angle":0.0,"axis":"y","origin":[8.0,6.5972285,6.4773026]},"faces":{"east":{"uv":[2.25,6.5,3.0,7.125],"rotation":0,"texture":"#0","tintindex":0},"south":{"uv":[7.0,7.125,7.625,7.75],"rotation":0,"texture":"#0","tintindex":0},"north":{"uv":[6.25,7.125,6.875,7.75],"rotation":0,"texture":"#0","tintindex":0},"west":{"uv":[6.75,2.125,7.5,2.75],"rotation":0,"texture":"#0","tintindex":0},"up":{"uv":[7.5,0.75,6.875,0.0],"rotation":0,"texture":"#0","tintindex":0},"down":{"uv":[1.25,7.0,0.625,7.75],"rotation":0,"texture":"#0","tintindex":0}}},{"from":[6.7338743,4.0649824,6.6039143],"to":[9.26612,5.07788,9.13616],"rotation":{"angle":0.0,"axis":"y","origin":[8.253222,3.5585313,7.110366]},"faces":{"east":{"uv":[9.625,9.125,10.25,9.375],"rotation":0,"texture":"#0","tintindex":0},"south":{"uv":[9.625,9.5,10.25,9.75],"rotation":0,"texture":"#0","tintindex":0},"north":{"uv":[9.625,5.25,10.25,5.5],"rotation":0,"texture":"#0","tintindex":0},"west":{"uv":[0.0,9.75,0.625,10.0],"rotation":0,"texture":"#0","tintindex":0},"up":{"uv":[8.25,5.0,7.625,4.375],"rotation":0,"texture":"#0","tintindex":0},"down":{"uv":[8.25,5.125,7.625,5.75],"rotation":0,"texture":"#0","tintindex":0}}},{"from":[6.9871025,2.5456338,6.857143],"to":[9.0128975,4.5714283,8.882937],"rotation":{"angle":0.0,"axis":"y","origin":[8.0,2.0391827,6.857143]},"faces":{"east":{"uv":[9.0,0.0,9.5,0.5],"rotation":0,"texture":"#0","tintindex":0},"south":{"uv":[9.0,0.625,9.5,1.125],"rotation":0,"texture":"#0","tintindex":0},"north":{"uv":[8.875,7.125,9.375,7.625],"rotation":0,"texture":"#0","tintindex":0},"west":{"uv":[9.0,2.625,9.5,3.125],"rotation":0,"texture":"#0","tintindex":0},"up":{"uv":[9.5,3.75,9.0,3.25],"rotation":0,"texture":"#0","tintindex":0},"down":{"uv":[9.5,5.25,9.0,5.75],"rotation":0,"texture":"#0","tintindex":0}}},{"from":[6.9871025,5.07788,6.857143],"to":[9.0128975,6.5972285,8.882937],"rotation":{"angle":0.0,"axis":"y","origin":[8.0,4.5714283,6.857143]},"faces":{"east":{"uv":[1.25,9.5,1.75,9.875],"rotation":0,"texture":"#0","tintindex":0},"south":{"uv":[9.5,3.875,10.0,4.25],"rotation":0,"texture":"#0","tintindex":0},"north":{"uv":[9.375,8.25,9.875,8.625],"rotation":0,"texture":"#0","tintindex":0},"west":{"uv":[9.5,4.375,10.0,4.75],"rotation":0,"texture":"#0","tintindex":0},"up":{"uv":[6.625,9.5,6.125,9.0],"rotation":0,"texture":"#0","tintindex":0},"down":{"uv":[7.25,9.0,6.75,9.5],"rotation":0,"texture":"#0","tintindex":0}}}],"display":{"head":{"translation":[0.0,-6.4,0.0],"scale":[4.0,4.0,4.0]}}}