{"elements":[{"from":[4.0,3.7142854,4.0],"to":[12.0,15.142858,12.0],"rotation":{"angle":0.0,"axis":"y","origin":[8.0,8.857143,8.0]},"faces":{"south":{"uv":[0.0,1.75,1.75,4.25],"rotation":0,"texture":"#0","tintindex":0},"north":{"uv":[3.5,1.75,5.25,4.25],"rotation":0,"texture":"#0","tintindex":0},"down":{"uv":[5.25,0.0,3.5,1.75],"rotation":0,"texture":"#0","tintindex":0},"east":{"uv":[5.25,1.75,7.0,4.25],"rotation":0,"texture":"#0","tintindex":0},"west":{"uv":[1.75,1.75,3.5,4.25],"rotation":0,"texture":"#0","tintindex":0},"up":{"uv":[3.5,1.75,1.75,0.0],"rotation":0,"texture":"#0","tintindex":0}}}],"textures":{"0":"modelengine:entity/texture_ghost"},"display":{"head":{"translation":[0.0,-6.4,0.0],"scale":[4.0,4.0,4.0]}}}