{"textures":{"0":"modelengine:entity/dwarf_2"},"elements":[{"from":[9.102057,4.424491,6.30204],"to":[10.45716,5.2081656,7.0857143],"rotation":{"angle":0.0,"axis":"y","origin":[9.224491,-0.6530571,6.3673487]},"faces":{"east":{"uv":[11.5,10.75,11.75,11.0],"rotation":0,"texture":"#0","tintindex":0},"south":{"uv":[11.625,0.75,11.875,1.0],"rotation":0,"texture":"#0","tintindex":0},"north":{"uv":[11.5,8.125,11.75,8.375],"rotation":0,"texture":"#0","tintindex":0},"west":{"uv":[11.625,1.75,11.875,2.0],"rotation":0,"texture":"#0","tintindex":0},"up":{"uv":[2.125,11.875,1.875,11.625],"rotation":0,"texture":"#0","tintindex":0},"down":{"uv":[11.875,2.125,11.625,2.375],"rotation":0,"texture":"#0","tintindex":0}}},{"from":[7.6081657,3.6081657,6.30204],"to":[8.963268,4.39184,7.0857143],"rotation":{"angle":0.0,"axis":"y","origin":[6.5306115,-0.89795494,6.3673487]},"faces":{"east":{"uv":[11.5,10.75,11.75,11.0],"rotation":0,"texture":"#0","tintindex":0},"south":{"uv":[11.625,0.75,11.875,1.0],"rotation":0,"texture":"#0","tintindex":0},"north":{"uv":[11.5,8.125,11.75,8.375],"rotation":0,"texture":"#0","tintindex":0},"west":{"uv":[11.625,1.75,11.875,2.0],"rotation":0,"texture":"#0","tintindex":0},"up":{"uv":[2.125,11.875,1.875,11.625],"rotation":0,"texture":"#0","tintindex":0},"down":{"uv":[11.875,2.125,11.625,2.375],"rotation":0,"texture":"#0","tintindex":0}}},{"from":[5.942857,4.424491,6.30204],"to":[7.29796,5.2081656,7.0857143],"rotation":{"angle":0.0,"axis":"y","origin":[7.2653084,-0.6530571,6.3673487]},"faces":{"east":{"uv":[11.5,10.75,11.75,11.0],"rotation":0,"texture":"#0","tintindex":0},"south":{"uv":[11.625,0.75,11.875,1.0],"rotation":0,"texture":"#0","tintindex":0},"north":{"uv":[11.5,8.125,11.75,8.375],"rotation":0,"texture":"#0","tintindex":0},"west":{"uv":[11.625,1.75,11.875,2.0],"rotation":0,"texture":"#0","tintindex":0},"up":{"uv":[2.125,11.875,1.875,11.625],"rotation":0,"texture":"#0","tintindex":0},"down":{"uv":[11.875,2.125,11.625,2.375],"rotation":0,"texture":"#0","tintindex":0}}},{"from":[7.542857,4.9959197,6.30204],"to":[8.89796,5.7795944,7.0857143],"rotation":{"angle":0.0,"axis":"y","origin":[9.551023,-0.0816288,6.3673487]},"faces":{"east":{"uv":[11.5,10.75,11.75,11.0],"rotation":0,"texture":"#0","tintindex":0},"south":{"uv":[11.625,0.75,11.875,1.0],"rotation":0,"texture":"#0","tintindex":0},"north":{"uv":[11.5,8.125,11.75,8.375],"rotation":0,"texture":"#0","tintindex":0},"west":{"uv":[11.625,1.75,11.875,2.0],"rotation":0,"texture":"#0","tintindex":0},"up":{"uv":[2.125,11.875,1.875,11.625],"rotation":0,"texture":"#0","tintindex":0},"down":{"uv":[11.875,2.125,11.625,2.375],"rotation":0,"texture":"#0","tintindex":0}}},{"from":[6.5306115,4.163268,6.3673487],"to":[9.469389,8.163269,7.020406],"rotation":{"angle":0.0,"axis":"y","origin":[7.9183655,0.6530628,6.3673487]},"faces":{"east":{"uv":[4.375,9.875,4.625,10.75],"rotation":0,"texture":"#0","tintindex":0},"south":{"uv":[4.75,9.875,5.0,10.75],"rotation":0,"texture":"#0","tintindex":0},"north":{"uv":[9.875,4.25,10.125,5.125],"rotation":0,"texture":"#0","tintindex":0},"west":{"uv":[5.125,9.875,5.375,10.75],"rotation":0,"texture":"#0","tintindex":0},"up":{"uv":[11.875,9.5,11.625,9.25],"rotation":0,"texture":"#0","tintindex":0},"down":{"uv":[11.875,11.125,11.625,11.375],"rotation":0,"texture":"#0","tintindex":0}}},{"from":[5.224491,6.1224513,6.0408173],"to":[10.775509,9.79592,6.69388],"rotation":{"angle":0.0,"axis":"y","origin":[6.938777,2.2857141,6.0408173]},"faces":{"east":{"uv":[5.5,9.875,5.75,10.625],"rotation":0,"texture":"#0","tintindex":0},"south":{"uv":[5.625,5.5,6.875,6.25],"rotation":0,"texture":"#0","tintindex":0},"north":{"uv":[5.625,4.625,6.875,5.375],"rotation":0,"texture":"#0","tintindex":0},"west":{"uv":[10.0,8.25,10.25,9.0],"rotation":0,"texture":"#0","tintindex":0},"up":{"uv":[9.875,6.75,8.625,6.5],"rotation":0,"texture":"#0","tintindex":0},"down":{"uv":[6.0,8.875,4.75,9.125],"rotation":0,"texture":"#0","tintindex":0}}},{"from":[10.448977,5.142857,6.69388],"to":[10.775509,8.0816345,10.204081],"rotation":{"angle":0.0,"axis":"y","origin":[10.530611,1.7142854,6.69388]},"faces":{"east":{"uv":[1.375,2.5,2.5,3.625],"rotation":0,"texture":"#0","tintindex":0},"south":{"uv":[10.75,0.375,10.875,1.5],"rotation":0,"texture":"#0","tintindex":0},"north":{"uv":[0.375,10.75,0.5,11.875],"rotation":0,"texture":"#0","tintindex":0},"west":{"uv":[2.625,0.0,3.75,1.125],"rotation":0,"texture":"#0","tintindex":0},"up":{"uv":[0.75,11.875,0.625,10.75],"rotation":0,"texture":"#0","tintindex":0},"down":{"uv":[1.0,10.75,0.875,11.875],"rotation":0,"texture":"#0","tintindex":0}}},{"from":[5.5510225,5.142857,10.204081],"to":[10.448977,8.0816345,10.204081],"rotation":{"angle":0.0,"axis":"y","origin":[6.938777,2.2857141,6.69388]},"faces":{"east":{"uv":[10.125,10.625,10.25,11.75],"rotation":0,"texture":"#0","tintindex":0},"south":{"uv":[1.125,3.75,2.125,4.875],"rotation":0,"texture":"#0","tintindex":0},"north":{"uv":[0.0,2.75,1.0,3.875],"rotation":0,"texture":"#0","tintindex":0},"west":{"uv":[10.375,10.625,10.5,11.75],"rotation":0,"texture":"#0","tintindex":0},"up":{"uv":[11.875,5.375,10.875,5.25],"rotation":0,"texture":"#0","tintindex":0},"down":{"uv":[11.875,5.5,10.875,5.625],"rotation":0,"texture":"#0","tintindex":0}}},{"from":[5.224491,5.142857,6.69388],"to":[5.5510225,8.0816345,10.204081],"rotation":{"angle":0.0,"axis":"y","origin":[6.6122456,1.7142854,6.69388]},"faces":{"east":{"uv":[1.375,0.0,2.5,1.125],"rotation":0,"texture":"#0","tintindex":0},"south":{"uv":[3.0,10.625,3.125,11.75],"rotation":0,"texture":"#0","tintindex":0},"north":{"uv":[0.875,5.125,1.0,6.25],"rotation":0,"texture":"#0","tintindex":0},"west":{"uv":[1.375,1.25,2.5,2.375],"rotation":0,"texture":"#0","tintindex":0},"up":{"uv":[10.0,11.75,9.875,10.625],"rotation":0,"texture":"#0","tintindex":0},"down":{"uv":[10.75,10.0,10.625,11.125],"rotation":0,"texture":"#0","tintindex":0}}},{"from":[5.877548,6.775514,6.3673487],"to":[8.816326,8.816332,7.591834],"rotation":{"angle":0.0,"axis":"y","origin":[6.938777,1.632657,6.3673487]},"faces":{"east":{"uv":[11.625,11.875,11.875,12.0],"rotation":0,"texture":"#0","tintindex":0},"south":{"uv":[0.25,12.0,0.5,12.125],"rotation":0,"texture":"#0","tintindex":0},"north":{"uv":[11.875,10.75,12.125,10.875],"rotation":0,"texture":"#0","tintindex":0},"west":{"uv":[0.625,12.0,0.875,12.125],"rotation":0,"texture":"#0","tintindex":0},"up":{"uv":[11.5,11.875,11.25,11.625],"rotation":0,"texture":"#0","tintindex":0},"down":{"uv":[11.875,11.5,11.625,11.75],"rotation":0,"texture":"#0","tintindex":0}}},{"from":[6.20408,4.163268,6.69388],"to":[8.816326,8.4898,7.2653084],"rotation":{"angle":0.0,"axis":"y","origin":[7.2653084,0.6530628,6.0408173]},"faces":{"east":{"uv":[4.375,10.875,4.5,11.875],"rotation":0,"texture":"#0","tintindex":0},"south":{"uv":[4.625,10.875,4.75,11.875],"rotation":0,"texture":"#0","tintindex":0},"north":{"uv":[9.625,10.75,9.75,11.75],"rotation":0,"texture":"#0","tintindex":0},"west":{"uv":[4.875,10.875,5.0,11.875],"rotation":0,"texture":"#0","tintindex":0},"up":{"uv":[11.625,7.125,11.5,7.0],"rotation":0,"texture":"#0","tintindex":0},"down":{"uv":[12.125,4.375,12.0,4.5],"rotation":0,"texture":"#0","tintindex":0}}},{"from":[7.1836743,4.163268,6.69388],"to":[9.79592,8.4898,7.2653084],"rotation":{"angle":0.0,"axis":"y","origin":[8.244897,0.6530628,6.0408173]},"faces":{"east":{"uv":[5.5,10.75,5.625,11.75],"rotation":0,"texture":"#0","tintindex":0},"south":{"uv":[9.125,10.75,9.25,11.75],"rotation":0,"texture":"#0","tintindex":0},"north":{"uv":[1.125,10.75,1.25,11.75],"rotation":0,"texture":"#0","tintindex":0},"west":{"uv":[9.375,10.75,9.5,11.75],"rotation":0,"texture":"#0","tintindex":0},"up":{"uv":[9.25,9.625,9.125,9.5],"rotation":0,"texture":"#0","tintindex":0},"down":{"uv":[11.25,8.75,11.125,8.875],"rotation":0,"texture":"#0","tintindex":0}}},{"from":[5.5510225,4.4898,6.938777],"to":[8.489795,8.4898,7.020406],"rotation":{"angle":0.0,"axis":"y","origin":[6.938777,0.97959375,6.938777]},"faces":{"east":{"uv":[9.125,9.75,9.375,10.625],"rotation":0,"texture":"#0","tintindex":0},"south":{"uv":[9.5,9.75,9.75,10.625],"rotation":0,"texture":"#0","tintindex":0},"north":{"uv":[1.125,9.75,1.375,10.625],"rotation":0,"texture":"#0","tintindex":0},"west":{"uv":[9.875,1.625,10.125,2.5],"rotation":0,"texture":"#0","tintindex":0},"up":{"uv":[11.875,8.75,11.625,8.5],"rotation":0,"texture":"#0","tintindex":0},"down":{"uv":[11.875,8.875,11.625,9.125],"rotation":0,"texture":"#0","tintindex":0}}},{"from":[5.5510225,5.500634,12.562994],"to":[10.448977,9.745531,12.889526],"rotation":{"angle":-22.5,"axis":"x","origin":[7.591834,1.9087939,12.236464]},"faces":{"east":{"uv":[3.875,11.375,4.0,12.125],"rotation":0,"texture":"#0","tintindex":0},"south":{"uv":[4.5,5.75,5.5,6.5],"rotation":0,"texture":"#0","tintindex":0},"north":{"uv":[3.375,5.75,4.375,6.5],"rotation":0,"texture":"#0","tintindex":0},"west":{"uv":[5.75,11.375,5.875,12.125],"rotation":0,"texture":"#0","tintindex":0},"up":{"uv":[11.625,4.5,10.625,4.375],"rotation":0,"texture":"#0","tintindex":0},"down":{"uv":[11.625,4.625,10.625,4.75],"rotation":0,"texture":"#0","tintindex":0}}},{"from":[13.097137,6.259497,6.5306115],"to":[13.423669,9.361537,10.367349],"rotation":{"angle":22.5,"axis":"z","origin":[13.831835,2.0962343,8.163263]},"faces":{"east":{"uv":[4.875,2.875,6.125,3.625],"rotation":0,"texture":"#0","tintindex":0},"south":{"uv":[11.375,2.625,11.5,3.375],"rotation":0,"texture":"#0","tintindex":0},"north":{"uv":[11.375,1.75,11.5,2.5],"rotation":0,"texture":"#0","tintindex":0},"west":{"uv":[4.875,3.75,6.125,4.5],"rotation":0,"texture":"#0","tintindex":0},"up":{"uv":[6.5,11.5,6.375,10.25],"rotation":0,"texture":"#0","tintindex":0},"down":{"uv":[6.75,10.25,6.625,11.5],"rotation":0,"texture":"#0","tintindex":0}}},{"from":[2.5763311,5.769703,5.9591827],"to":[2.5763311,8.871743,10.367349],"rotation":{"angle":-22.5,"axis":"z","origin":[3.3110223,2.1778626,8.163263]},"faces":{"east":{"uv":[4.875,1.125,6.125,1.875],"rotation":0,"texture":"#0","tintindex":0},"south":{"uv":[10.625,11.25,10.75,12.0],"rotation":0,"texture":"#0","tintindex":0},"north":{"uv":[8.25,11.25,8.375,12.0],"rotation":0,"texture":"#0","tintindex":0},"west":{"uv":[4.875,2.0,6.125,2.75],"rotation":0,"texture":"#0","tintindex":0},"up":{"uv":[2.125,11.5,2.0,10.25],"rotation":0,"texture":"#0","tintindex":0},"down":{"uv":[6.25,10.25,6.125,11.5],"rotation":0,"texture":"#0","tintindex":0}}},{"from":[6.5306115,9.38776,6.69388],"to":[9.469389,11.428572,9.877548],"rotation":{"angle":0.0,"axis":"y","origin":[7.591834,3.5918398,8.653063]},"faces":{"east":{"uv":[10.5,7.5,11.5,7.625],"rotation":0,"texture":"#0","tintindex":0},"south":{"uv":[10.25,11.875,10.5,12.0],"rotation":0,"texture":"#0","tintindex":0},"north":{"uv":[11.875,8.25,12.125,8.375],"rotation":0,"texture":"#0","tintindex":0},"west":{"uv":[10.625,4.125,11.625,4.25],"rotation":0,"texture":"#0","tintindex":0},"up":{"uv":[9.25,9.375,9.0,8.375],"rotation":0,"texture":"#0","tintindex":0},"down":{"uv":[0.25,9.125,0.0,10.125],"rotation":0,"texture":"#0","tintindex":0}}},{"from":[6.5306115,8.734697,6.3673487],"to":[9.469389,11.428572,7.2653084],"rotation":{"angle":0.0,"axis":"y","origin":[7.591834,3.5918398,6.0408173]},"faces":{"east":{"uv":[7.875,8.5,8.0,8.875],"rotation":0,"texture":"#0","tintindex":0},"south":{"uv":[7.875,11.25,8.125,11.625],"rotation":0,"texture":"#0","tintindex":0},"north":{"uv":[1.625,9.125,1.875,9.5],"rotation":0,"texture":"#0","tintindex":0},"west":{"uv":[9.25,3.0,9.375,3.375],"rotation":0,"texture":"#0","tintindex":0},"up":{"uv":[10.375,3.5,10.125,3.375],"rotation":0,"texture":"#0","tintindex":0},"down":{"uv":[10.5,0.375,10.25,0.5],"rotation":0,"texture":"#0","tintindex":0}}},{"from":[6.5306115,8.734697,9.30612],"to":[9.469389,10.285714,9.877548],"rotation":{"angle":0.0,"axis":"y","origin":[7.591834,3.5918398,8.979594]},"faces":{"east":{"uv":[9.375,0.0,9.5,0.375],"rotation":0,"texture":"#0","tintindex":0},"south":{"uv":[11.375,1.25,11.625,1.625],"rotation":0,"texture":"#0","tintindex":0},"north":{"uv":[11.25,11.125,11.5,11.5],"rotation":0,"texture":"#0","tintindex":0},"west":{"uv":[4.375,9.375,4.5,9.75],"rotation":0,"texture":"#0","tintindex":0},"up":{"uv":[11.875,3.375,11.625,3.25],"rotation":0,"texture":"#0","tintindex":0},"down":{"uv":[12.125,5.0,11.875,5.125],"rotation":0,"texture":"#0","tintindex":0}}},{"from":[5.5510225,8.408166,6.69388],"to":[10.448977,11.102046,9.877548],"rotation":{"angle":0.0,"axis":"y","origin":[7.591834,3.2653084,6.3673487]},"faces":{"east":{"uv":[8.0,1.625,9.0,2.0],"rotation":0,"texture":"#0","tintindex":0},"south":{"uv":[2.75,8.0,3.75,8.375],"rotation":0,"texture":"#0","tintindex":0},"north":{"uv":[7.875,6.875,8.875,7.25],"rotation":0,"texture":"#0","tintindex":0},"west":{"uv":[3.875,8.0,4.875,8.375],"rotation":0,"texture":"#0","tintindex":0},"up":{"uv":[4.375,5.625,3.375,4.625],"rotation":0,"texture":"#0","tintindex":0},"down":{"uv":[5.5,4.625,4.5,5.625],"rotation":0,"texture":"#0","tintindex":0}}},{"from":[5.224491,8.0816345,6.3673487],"to":[6.693863,10.448983,10.204081],"rotation":{"angle":0.0,"axis":"y","origin":[4.979594,2.6122456,8.979594]},"faces":{"east":{"uv":[5.875,8.5,7.125,8.75],"rotation":0,"texture":"#0","tintindex":0},"south":{"uv":[10.0,11.875,10.125,12.125],"rotation":0,"texture":"#0","tintindex":0},"north":{"uv":[9.75,11.875,9.875,12.125],"rotation":0,"texture":"#0","tintindex":0},"west":{"uv":[8.625,3.875,9.875,4.125],"rotation":0,"texture":"#0","tintindex":0},"up":{"uv":[1.625,11.5,1.5,10.25],"rotation":0,"texture":"#0","tintindex":0},"down":{"uv":[1.875,10.25,1.75,11.5],"rotation":0,"texture":"#0","tintindex":0}}},{"from":[9.30612,8.0816345,6.3673487],"to":[10.775509,10.448983,10.204081],"rotation":{"angle":0.0,"axis":"y","origin":[7.9183655,2.6122456,8.979594]},"faces":{"east":{"uv":[8.125,3.5,9.375,3.75],"rotation":0,"texture":"#0","tintindex":0},"south":{"uv":[9.5,11.875,9.625,12.125],"rotation":0,"texture":"#0","tintindex":0},"north":{"uv":[9.25,11.875,9.375,12.125],"rotation":0,"texture":"#0","tintindex":0},"west":{"uv":[8.25,0.5,9.5,0.75],"rotation":0,"texture":"#0","tintindex":0},"up":{"uv":[4.0,11.25,3.875,10.0],"rotation":0,"texture":"#0","tintindex":0},"down":{"uv":[9.0,10.125,8.875,11.375],"rotation":0,"texture":"#0","tintindex":0}}},{"from":[6.69388,8.0816345,9.30612],"to":[9.30612,10.448983,10.204081],"rotation":{"angle":0.0,"axis":"y","origin":[7.591834,2.6122456,8.979594]},"faces":{"east":{"uv":[11.875,7.875,12.0,8.125],"rotation":0,"texture":"#0","tintindex":0},"south":{"uv":[7.875,9.0,8.875,9.25],"rotation":0,"texture":"#0","tintindex":0},"north":{"uv":[9.0,6.875,10.0,7.125],"rotation":0,"texture":"#0","tintindex":0},"west":{"uv":[9.0,11.875,9.125,12.125],"rotation":0,"texture":"#0","tintindex":0},"up":{"uv":[11.25,2.5,10.25,2.375],"rotation":0,"texture":"#0","tintindex":0},"down":{"uv":[11.5,6.0,10.5,6.125],"rotation":0,"texture":"#0","tintindex":0}}},{"from":[6.69388,8.0816345,6.3673487],"to":[9.30612,9.877554,7.2653084],"rotation":{"angle":0.0,"axis":"y","origin":[7.591834,2.6122456,6.0408173]},"faces":{"east":{"uv":[7.875,7.375,8.0,7.625],"rotation":0,"texture":"#0","tintindex":0},"south":{"uv":[3.5,9.0,4.5,9.25],"rotation":0,"texture":"#0","tintindex":0},"north":{"uv":[9.0,2.625,10.0,2.875],"rotation":0,"texture":"#0","tintindex":0},"west":{"uv":[4.75,8.5,4.875,8.75],"rotation":0,"texture":"#0","tintindex":0},"up":{"uv":[6.0,1.0,5.0,0.875],"rotation":0,"texture":"#0","tintindex":0},"down":{"uv":[7.375,0.625,6.375,0.75],"rotation":0,"texture":"#0","tintindex":0}}},{"from":[7.1836743,6.775514,6.3673487],"to":[10.122452,8.816332,7.591834],"rotation":{"angle":0.0,"axis":"y","origin":[8.244897,1.632657,6.3673487]},"faces":{"east":{"uv":[5.125,7.25,5.375,7.375],"rotation":0,"texture":"#0","tintindex":0},"south":{"uv":[6.625,7.5,6.875,7.625],"rotation":0,"texture":"#0","tintindex":0},"north":{"uv":[2.25,3.75,2.5,3.875],"rotation":0,"texture":"#0","tintindex":0},"west":{"uv":[9.5,3.625,9.75,3.75],"rotation":0,"texture":"#0","tintindex":0},"up":{"uv":[6.25,11.875,6.0,11.625],"rotation":0,"texture":"#0","tintindex":0},"down":{"uv":[6.625,11.625,6.375,11.875],"rotation":0,"texture":"#0","tintindex":0}}},{"from":[7.5102057,4.4898,6.938777],"to":[10.448977,8.4898,7.020406],"rotation":{"angle":0.0,"axis":"y","origin":[8.89796,0.97959375,6.938777]},"faces":{"east":{"uv":[0.375,9.75,0.625,10.625],"rotation":0,"texture":"#0","tintindex":0},"south":{"uv":[9.75,0.625,10.0,1.5],"rotation":0,"texture":"#0","tintindex":0},"north":{"uv":[2.25,9.625,2.5,10.5],"rotation":0,"texture":"#0","tintindex":0},"west":{"uv":[0.75,9.75,1.0,10.625],"rotation":0,"texture":"#0","tintindex":0},"up":{"uv":[11.875,2.75,11.625,2.5],"rotation":0,"texture":"#0","tintindex":0},"down":{"uv":[11.875,2.875,11.625,3.125],"rotation":0,"texture":"#0","tintindex":0}}},{"from":[5.5510225,6.1224513,6.69388],"to":[10.448977,10.448983,9.877548],"rotation":{"angle":0.0,"axis":"y","origin":[8.571428,2.2857141,8.0]},"faces":{"east":{"uv":[3.75,2.375,4.75,3.375],"rotation":0,"texture":"#0","tintindex":0},"south":{"uv":[3.75,3.5,4.75,4.5],"rotation":0,"texture":"#0","tintindex":0},"north":{"uv":[3.75,1.25,4.75,2.25],"rotation":0,"texture":"#0","tintindex":0},"west":{"uv":[3.875,0.0,4.875,1.0],"rotation":0,"texture":"#0","tintindex":0},"up":{"uv":[1.0,5.0,0.0,4.0],"rotation":0,"texture":"#0","tintindex":0},"down":{"uv":[3.25,4.0,2.25,5.0],"rotation":0,"texture":"#0","tintindex":0}}}],"display":{"head":{"translation":[0.0,-6.4,0.0],"scale":[4.0,4.0,4.0]}}}